fixture,outcome,previously_enabled,successful_sat_portfolios,seconds,peak_rss_mib,timeout_seconds,rewrite_only,reference_skip,reference_status,global_skip,compact_probe,compact_reason,source_bytes,reason,log
abc,pass,True,65,1.141,4.0,600,False,,ok,,,,165,all configured uniform portfolios agree with Conjure,target/sat-coverage-survey/logs/0552-abc.log
antichain,pass,False,65,5.188,604.2,600,False,,ok,,,,527,all configured uniform portfolios agree with Conjure,target/sat-coverage-survey/logs/0166-antichain.log
basic/abs/0-simple,pass,True,65,1.552,4.0,600,False,,ok,,,,65,all configured uniform portfolios agree with Conjure,target/sat-coverage-survey/logs/0336-basic_abs_0-simple.log
basic/abs/01-simple,pass,True,65,1.357,4.0,600,False,,ok,,,,71,all configured uniform portfolios agree with Conjure,target/sat-coverage-survey/logs/0360-basic_abs_01-simple.log
basic/abs/02-neg,pass,True,65,1.351,3.9,600,False,,ok,,,,73,all configured uniform portfolios agree with Conjure,target/sat-coverage-survey/logs/0365-basic_abs_02-neg.log
basic/abs/03-nested,pass,True,65,1.752,3.1,600,False,,ok,,,,172,all configured uniform portfolios agree with Conjure,target/sat-coverage-survey/logs/0559-basic_abs_03-nested.log
basic/abs/04-bounds,pass,True,65,1.337,4.0,600,False,,ok,,,,145,all configured uniform portfolios agree with Conjure,target/sat-coverage-survey/logs/0531-basic_abs_04-bounds.log
basic/alldiff/01-basic,pass,True,110,1.35,3.8,600,False,,ok,,,,121,all configured uniform portfolios agree with Conjure,target/sat-coverage-survey/logs/0501-basic_alldiff_01-basic.log
basic/alldiff/02-trivially-false,pass,True,110,1.346,4.0,600,False,,ok,,,,121,all configured uniform portfolios agree with Conjure,target/sat-coverage-survey/logs/0502-basic_alldiff_02-trivially-false.log
basic/alldiff/03-trivially-true,pass,True,110,1.551,4.0,600,False,,ok,,,,106,all configured uniform portfolios agree with Conjure,target/sat-coverage-survey/logs/0468-basic_alldiff_03-trivially-true.log
basic/bool/01,pass,True,1,0.941,4.2,600,False,,ok,,,,14,all configured uniform portfolios agree with Conjure,target/sat-coverage-survey/logs/0237-basic_bool_01.log
basic/bool/02,pass,True,1,0.941,4.2,600,False,,ok,,,,17,all configured uniform portfolios agree with Conjure,target/sat-coverage-survey/logs/0240-basic_bool_02.log
basic/bool/03,pass,True,1,0.943,4.2,600,False,,ok,,,,34,all configured uniform portfolios agree with Conjure,target/sat-coverage-survey/logs/0247-basic_bool_03.log
basic/bool/04,pass,True,25,1.146,4.0,600,False,,ok,,,,65,all configured uniform portfolios agree with Conjure,target/sat-coverage-survey/logs/0337-basic_bool_04.log
basic/comprehension/01,pass,True,65,1.347,3.5,600,False,,ok,,,,117,all configured uniform portfolios agree with Conjure,target/sat-coverage-survey/logs/0495-basic_comprehension_01.log
basic/comprehension/02,pass,True,65,2.373,3.9,600,False,,ok,,,,222,all configured uniform portfolios agree with Conjure,target/sat-coverage-survey/logs/0589-basic_comprehension_02.log
basic/comprehension/03,pass,True,65,1.753,3.8,600,False,,ok,,,,273,all configured uniform portfolios agree with Conjure,target/sat-coverage-survey/logs/0606-basic_comprehension_03.log
basic/comprehension/04-sum,pass,True,65,1.148,4.0,600,False,,ok,,,,117,all configured uniform portfolios agree with Conjure,target/sat-coverage-survey/logs/0496-basic_comprehension_04-sum.log
basic/comprehension/05-alldiff,pass,True,1,0.935,4.0,600,False,,ok,,,,277,all configured uniform portfolios agree with Conjure,target/sat-coverage-survey/logs/0607-basic_comprehension_05-alldiff.log
basic/comprehension/06,pass,True,65,1.162,4.0,600,False,,ok,,,,59,all configured uniform portfolios agree with Conjure,target/sat-coverage-survey/logs/0312-basic_comprehension_06.log
basic/comprehension/07,pass,True,65,1.556,4.0,600,False,,ok,,,,76,all configured uniform portfolios agree with Conjure,target/sat-coverage-survey/logs/0381-basic_comprehension_07.log
basic/comprehension/08,pass,True,65,1.143,3.8,600,False,,ok,,,,172,all configured uniform portfolios agree with Conjure,target/sat-coverage-survey/logs/0560-basic_comprehension_08.log
basic/comprehension/09,pass,True,65,1.144,3.7,600,False,,ok,,,,172,all configured uniform portfolios agree with Conjure,target/sat-coverage-survey/logs/0561-basic_comprehension_09.log
basic/comprehension/10,pass,True,25,0.934,4.0,600,False,,ok,,,,136,all configured uniform portfolios agree with Conjure,target/sat-coverage-survey/logs/0522-basic_comprehension_10.log
basic/comprehension/dependent-domains,memory_limit,False,6,11.392,4995.8,600,False,,ok,,pass,all configured uniform portfolios agree with Conjure,104,fixture exceeded 4 GiB RSS; unsupported semantics not established,target/sat-coverage-survey/logs/0081-basic_comprehension_dependent-domains.log
basic/comprehension/forall-exists-implication,pass,True,25,1.146,4.0,600,False,,ok,,,,88,all configured uniform portfolios agree with Conjure,target/sat-coverage-survey/logs/0418-basic_comprehension_forall-exists-implication.log
basic/comprehension/nested-forall-implication,pass,True,65,1.142,4.0,600,False,,ok,,,,96,all configured uniform portfolios agree with Conjure,target/sat-coverage-survey/logs/0436-basic_comprehension_nested-forall-implication.log
basic/comprehension/set-bounded-image,pass,True,65,17.271,896.6,600,False,,ok,,,,123,all configured uniform portfolios agree with Conjure,target/sat-coverage-survey/logs/0503-basic_comprehension_set-bounded-image.log
basic/comprehension/set-bounded-image-member,pass,False,65,40.729,1931.8,600,False,,ok,,,,217,all configured uniform portfolios agree with Conjure,target/sat-coverage-survey/logs/0140-basic_comprehension_set-bounded-image-member.log
basic/comprehension/set-bounded-size-member,pass,False,65,49.328,2463.3,600,False,,ok,,,,186,all configured uniform portfolios agree with Conjure,target/sat-coverage-survey/logs/0128-basic_comprehension_set-bounded-size-member.log
basic/comprehension/set-bounded-size-sum,pass,True,65,20.607,977.5,600,False,,ok,,,,115,all configured uniform portfolios agree with Conjure,target/sat-coverage-survey/logs/0489-basic_comprehension_set-bounded-size-sum.log
basic/comprehension/set-fixed-size-member,pass,False,65,43.506,2349.9,600,False,,ok,,,,172,all configured uniform portfolios agree with Conjure,target/sat-coverage-survey/logs/0126-basic_comprehension_set-fixed-size-member.log
basic/comprehension/set-fixed-size-sum,pass,True,65,18.716,455.2,600,False,,ok,,,,101,all configured uniform portfolios agree with Conjure,target/sat-coverage-survey/logs/0450-basic_comprehension_set-fixed-size-sum.log
basic/comprehension/set-tuple-member,pass,False,65,48.234,1369.7,600,False,,ok,,,,212,all configured uniform portfolios agree with Conjure,target/sat-coverage-survey/logs/0138-basic_comprehension_set-tuple-member.log
basic/comprehension/set-tuple-sum,pass,True,65,17.251,910.7,600,False,,ok,,,,123,all configured uniform portfolios agree with Conjure,target/sat-coverage-survey/logs/0504-basic_comprehension_set-tuple-sum.log
basic/div/01,pass,True,65,1.556,4.1,600,False,,ok,,,,41,all configured uniform portfolios agree with Conjure,target/sat-coverage-survey/logs/0258-basic_div_01.log
basic/div/02,pass,True,65,1.144,4.0,600,False,,ok,,,,75,all configured uniform portfolios agree with Conjure,target/sat-coverage-survey/logs/0373-basic_div_02.log
basic/div/03,pass,True,65,1.35,3.9,600,False,,ok,,,,39,all configured uniform portfolios agree with Conjure,target/sat-coverage-survey/logs/0255-basic_div_03.log
basic/div/04,pass,True,65,1.554,4.0,600,False,,ok,,,,44,all configured uniform portfolios agree with Conjure,target/sat-coverage-survey/logs/0264-basic_div_04.log
basic/div/05,pass,True,65,2.0,4.0,600,False,,ok,,,,44,all configured uniform portfolios agree with Conjure,target/sat-coverage-survey/logs/0265-basic_div_05.log
basic/empty-and-or,pass,True,65,1.134,3.9,600,False,,ok,,,,874,all configured uniform portfolios agree with Conjure,target/sat-coverage-survey/logs/0658-basic_empty-and-or.log
basic/exists/01-domain-basic,pass,True,1,0.943,3.9,600,False,,ok,,,,81,all configured uniform portfolios agree with Conjure,target/sat-coverage-survey/logs/0401-basic_exists_01-domain-basic.log
basic/exists/02-in-matrix,pass,True,1,0.936,4.0,600,False,,ok,,,,80,all configured uniform portfolios agree with Conjure,target/sat-coverage-survey/logs/0398-basic_exists_02-in-matrix.log
basic/exists/03-domain-inequality,pass,True,1,0.937,4.0,600,False,,ok,,,,90,all configured uniform portfolios agree with Conjure,target/sat-coverage-survey/logs/0423-basic_exists_03-domain-inequality.log
basic/exists/04-in-disjunction,pass,True,1,0.942,3.9,600,False,,ok,,,,88,all configured uniform portfolios agree with Conjure,target/sat-coverage-survey/logs/0419-basic_exists_04-in-disjunction.log
basic/exists/05-nested-boolean,pass,True,1,0.934,4.0,600,False,,ok,,,,100,all configured uniform portfolios agree with Conjure,target/sat-coverage-survey/logs/0448-basic_exists_05-nested-boolean.log
basic/exists/simple/01,pass,True,65,1.158,4.0,600,False,,ok,,,,55,all configured uniform portfolios agree with Conjure,target/sat-coverage-survey/logs/0293-basic_exists_simple_01.log
basic/exists/simple/02,pass,True,65,1.347,4.0,600,False,,ok,,,,85,all configured uniform portfolios agree with Conjure,target/sat-coverage-survey/logs/0412-basic_exists_simple_02.log
basic/exists/simple/03,pass,True,65,1.344,4.0,600,False,,ok,,,,89,all configured uniform portfolios agree with Conjure,target/sat-coverage-survey/logs/0422-basic_exists_simple_03.log
basic/exists/simple/04,pass,False,130,2.398,3.0,600,False,,ok,,,,219,all configured uniform portfolios agree with Conjure,target/sat-coverage-survey/logs/0142-basic_exists_simple_04.log
basic/expr-in-domain/quantified,pass,True,25,0.936,3.2,600,False,,ok,,,,138,all configured uniform portfolios agree with Conjure,target/sat-coverage-survey/logs/0523-basic_expr-in-domain_quantified.log
basic/expr-in-domain/variable,pass,True,25,1.152,4.0,600,False,,ok,,,,66,all configured uniform portfolios agree with Conjure,target/sat-coverage-survey/logs/0342-basic_expr-in-domain_variable.log
basic/factorial/01,pass,True,25,0.941,4.0,600,False,,ok,,,,45,all configured uniform portfolios agree with Conjure,target/sat-coverage-survey/logs/0270-basic_factorial_01.log
basic/factorial/02,pass,True,25,1.15,4.0,600,False,,ok,,,,35,all configured uniform portfolios agree with Conjure,target/sat-coverage-survey/logs/0253-basic_factorial_02.log
basic/finite-givens/set01,pass,True,65,3.002,109.4,600,False,,ok,,,,128,all configured uniform portfolios agree with Conjure,target/sat-coverage-survey/logs/0511-basic_finite-givens_set01.log
basic/finite-givens/set02,pass,True,25,0.953,3.6,600,False,,ok,,,,61,all configured uniform portfolios agree with Conjure,target/sat-coverage-survey/logs/0323-basic_finite-givens_set02.log
basic/finite-givens/set03,pass,False,110,15.196,498.9,600,False,,ok,,,,208,all configured uniform portfolios agree with Conjure,target/sat-coverage-survey/logs/0134-basic_finite-givens_set03.log
basic/finite-givens/set04,pass,True,65,70.861,2301.8,600,False,,ok,,,,115,all configured uniform portfolios agree with Conjure,target/sat-coverage-survey/logs/0490-basic_finite-givens_set04.log
basic/finite-givens/set05,solution_mismatch,False,45,1.554,3.8,600,False,,ok,,solution_mismatch,assertion failed: `(left == right)`: Oxide solutions (<) do not match Conjure solutions (>)!,124,assertion failed: `(left == right)`: Oxide solutions (<) do not match Conjure solutions (>)!,target/sat-coverage-survey/logs/0100-basic_finite-givens_set05.log
basic/forAll/01-domain-basic,pass,True,1,1.147,4.0,600,False,,ok,,,,79,all configured uniform portfolios agree with Conjure,target/sat-coverage-survey/logs/0395-basic_forAll_01-domain-basic.log
basic/forAll/02-in-matrix,pass,True,1,0.942,3.9,600,False,,ok,,,,83,all configured uniform portfolios agree with Conjure,target/sat-coverage-survey/logs/0407-basic_forAll_02-in-matrix.log
basic/forAll/03-domain-equality,pass,True,1,1.142,3.9,600,False,,ok,,,,82,all configured uniform portfolios agree with Conjure,target/sat-coverage-survey/logs/0405-basic_forAll_03-domain-equality.log
basic/forAll/04-in-conjunction,pass,True,1,1.147,4.7,600,False,,ok,,,,87,all configured uniform portfolios agree with Conjure,target/sat-coverage-survey/logs/0417-basic_forAll_04-in-conjunction.log
basic/forAll/05-nested-boolean,pass,True,1,0.939,4.0,600,False,,ok,,,,103,all configured uniform portfolios agree with Conjure,target/sat-coverage-survey/logs/0458-basic_forAll_05-nested-boolean.log
basic/forAll/06-combined-with-exists,pass,True,1,0.94,2.9,600,False,,ok,,,,124,all configured uniform portfolios agree with Conjure,target/sat-coverage-survey/logs/0507-basic_forAll_06-combined-with-exists.log
basic/function/apply-in-domain,pass,True,410,3.615,34.7,600,False,,ok,,,,250,all configured uniform portfolios agree with Conjure,target/sat-coverage-survey/logs/0595-basic_function_apply-in-domain.log
basic/function/apply-out-of-domain,pass,True,845,10.417,60.6,600,False,,ok,,,,356,all configured uniform portfolios agree with Conjure,target/sat-coverage-survey/logs/0633-basic_function_apply-out-of-domain.log
basic/function/apply-partial,pass,True,1040,14.369,71.4,600,False,,ok,,,,311,all configured uniform portfolios agree with Conjure,target/sat-coverage-survey/logs/0623-basic_function_apply-partial.log
basic/function/apply-partial-out-of-domain,pass,True,1040,15.193,72.1,600,False,,ok,,,,264,all configured uniform portfolios agree with Conjure,target/sat-coverage-survey/logs/0601-basic_function_apply-partial-out-of-domain.log
basic/function/sparse-partial,memory_limit,False,780,351.318,4208.9,600,False,,ok,,pass,all configured uniform portfolios agree with Conjure,510,fixture exceeded 4 GiB RSS; unsupported semantics not established,target/sat-coverage-survey/logs/0165-basic_function_sparse-partial.log
basic/iff/01-basic,pass,True,1,0.954,4.0,600,False,,ok,,,,56,all configured uniform portfolios agree with Conjure,target/sat-coverage-survey/logs/0301-basic_iff_01-basic.log
basic/iff/02-partial,pass,True,1,1.166,4.0,600,False,,ok,,,,78,all configured uniform portfolios agree with Conjure,target/sat-coverage-survey/logs/0390-basic_iff_02-partial.log
basic/implies/01-basic,pass,True,1,1.16,3.8,600,False,,ok,,,,55,all configured uniform portfolios agree with Conjure,target/sat-coverage-survey/logs/0294-basic_implies_01-basic.log
basic/implies/02-flattening,pass,True,65,1.554,4.0,600,False,,ok,,,,108,all configured uniform portfolios agree with Conjure,target/sat-coverage-survey/logs/0473-basic_implies_02-flattening.log
basic/implies/03-tautologies,pass,True,1,0.938,4.0,600,False,,ok,,,,314,all configured uniform portfolios agree with Conjure,target/sat-coverage-survey/logs/0624-basic_implies_03-tautologies.log
basic/implies/04-needs-normalising,pass,True,1,1.131,3.8,600,False,,ok,,,,431,all configured uniform portfolios agree with Conjure,target/sat-coverage-survey/logs/0642-basic_implies_04-needs-normalising.log
basic/implies/05-no-parentheses,pass,True,65,1.345,4.0,600,False,,ok,,,,100,all configured uniform portfolios agree with Conjure,target/sat-coverage-survey/logs/0449-basic_implies_05-no-parentheses.log
basic/lettings/01-value-bool,pass,True,65,1.351,4.0,600,False,,ok,,,,85,all configured uniform portfolios agree with Conjure,target/sat-coverage-survey/logs/0413-basic_lettings_01-value-bool.log
basic/lettings/02-value-int,pass,True,65,1.356,4.0,600,False,,ok,,,,77,all configured uniform portfolios agree with Conjure,target/sat-coverage-survey/logs/0386-basic_lettings_02-value-int.log
basic/lettings/03-value-expr,pass,True,65,1.141,4.0,600,False,,ok,,,,145,all configured uniform portfolios agree with Conjure,target/sat-coverage-survey/logs/0532-basic_lettings_03-value-expr.log
basic/lettings/04-domain,panic,False,0,0.937,3.9,600,False,,ok,,panic,Domain should be ground,126,Domain should be ground,target/sat-coverage-survey/logs/0102-basic_lettings_04-domain.log
basic/lettings/05-letting-in-domain,pass,True,65,1.358,3.8,600,False,,ok,,,,73,all configured uniform portfolios agree with Conjure,target/sat-coverage-survey/logs/0366-basic_lettings_05-letting-in-domain.log
basic/lex/const-geq,pass,True,1,1.188,4.0,600,False,,ok,,,,65,all configured uniform portfolios agree with Conjure,target/sat-coverage-survey/logs/0338-basic_lex_const-geq.log
basic/lex/const-gt,pass,True,1,0.939,4.0,600,False,,ok,,,,64,all configured uniform portfolios agree with Conjure,target/sat-coverage-survey/logs/0330-basic_lex_const-gt.log
basic/lex/const-leq,pass,True,1,1.15,4.0,600,False,,ok,,,,65,all configured uniform portfolios agree with Conjure,target/sat-coverage-survey/logs/0339-basic_lex_const-leq.log
basic/lex/const-long-lt-short,pass,True,1,0.939,4.0,600,False,,ok,,,,67,all configured uniform portfolios agree with Conjure,target/sat-coverage-survey/logs/0344-basic_lex_const-long-lt-short.log
basic/lex/const-lt,pass,True,1,0.94,4.0,600,False,,ok,,,,64,all configured uniform portfolios agree with Conjure,target/sat-coverage-survey/logs/0331-basic_lex_const-lt.log
basic/lex/const-short-lt-long,pass,True,1,0.939,4.0,600,False,,ok,,,,67,all configured uniform portfolios agree with Conjure,target/sat-coverage-survey/logs/0345-basic_lex_const-short-lt-long.log
basic/lex/long-leq-short,pass,True,65,1.55,3.8,600,False,,ok,,,,144,all configured uniform portfolios agree with Conjure,target/sat-coverage-survey/logs/0529-basic_lex_long-leq-short.log
basic/lex/long-lt-short,pass,True,65,1.342,4.0,600,False,,ok,,,,143,all configured uniform portfolios agree with Conjure,target/sat-coverage-survey/logs/0527-basic_lex_long-lt-short.log
basic/lex/short-leq-long,pass,True,65,1.343,3.9,600,False,,ok,,,,144,all configured uniform portfolios agree with Conjure,target/sat-coverage-survey/logs/0530-basic_lex_short-leq-long.log
basic/lex/short-lt-long,pass,True,65,1.34,4.0,600,False,,ok,,,,143,all configured uniform portfolios agree with Conjure,target/sat-coverage-survey/logs/0528-basic_lex_short-lt-long.log
basic/log-ops/bool-and,pass,True,1,0.944,3.9,600,False,,ok,,,,34,all configured uniform portfolios agree with Conjure,target/sat-coverage-survey/logs/0248-basic_log-ops_bool-and.log
basic/log-ops/bool-double-not,pass,True,1,0.944,4.2,600,False,,ok,,,,30,all configured uniform portfolios agree with Conjure,target/sat-coverage-survey/logs/0246-basic_log-ops_bool-double-not.log
basic/log-ops/bool-not,pass,True,1,0.943,4.1,600,False,,ok,,,,27,all configured uniform portfolios agree with Conjure,target/sat-coverage-survey/logs/0243-basic_log-ops_bool-not.log
basic/log-ops/bool-or,pass,True,1,0.943,4.0,600,False,,ok,,,,34,all configured uniform portfolios agree with Conjure,target/sat-coverage-survey/logs/0249-basic_log-ops_bool-or.log
basic/matrix/01-indexing,pass,True,1,0.933,3.8,600,False,,ok,,,,192,all configured uniform portfolios agree with Conjure,target/sat-coverage-survey/logs/0574-basic_matrix_01-indexing.log
basic/matrix/02-2d-slicing,pass,False,110,1.752,4.0,600,False,,ok,,,,235,all configured uniform portfolios agree with Conjure,target/sat-coverage-survey/logs/0147-basic_matrix_02-2d-slicing.log
basic/matrix/03-domain-letting,pass,False,110,1.954,2.2,600,False,,ok,,,,305,all configured uniform portfolios agree with Conjure,target/sat-coverage-survey/logs/0154-basic_matrix_03-domain-letting.log
basic/matrix/04-value-letting,pass,True,65,1.142,4.0,600,False,,ok,,,,104,all configured uniform portfolios agree with Conjure,target/sat-coverage-survey/logs/0460-basic_matrix_04-value-letting.log
basic/matrix/05-value-letting-index,pass,True,65,1.146,3.8,600,False,,ok,,,,263,all configured uniform portfolios agree with Conjure,target/sat-coverage-survey/logs/0599-basic_matrix_05-value-letting-index.log
basic/matrix/06-invalid-index,pass,True,110,1.963,4.0,600,False,,ok,,,,332,all configured uniform portfolios agree with Conjure,target/sat-coverage-survey/logs/0626-basic_matrix_06-invalid-index.log
basic/matrix/07-invalid-slice,pass,True,110,1.756,4.0,600,False,,ok,,,,342,all configured uniform portfolios agree with Conjure,target/sat-coverage-survey/logs/0631-basic_matrix_07-invalid-slice.log
basic/matrix/08-index-is-expr,pass,True,130,2.58,2.1,600,False,,ok,,,,220,all configured uniform portfolios agree with Conjure,target/sat-coverage-survey/logs/0587-basic_matrix_08-index-is-expr.log
basic/matrix/09-index-is-expr-offset,pass,True,130,3.212,37.5,600,False,,ok,,,,262,all configured uniform portfolios agree with Conjure,target/sat-coverage-survey/logs/0598-basic_matrix_09-index-is-expr-offset.log
basic/matrix/10-value-letting-index-is-expr,pass,True,130,1.959,4.0,600,False,,ok,,,,105,all configured uniform portfolios agree with Conjure,target/sat-coverage-survey/logs/0464-basic_matrix_10-value-letting-index-is-expr.log
basic/matrix/11-index-matrix-literal,pass,True,130,1.75,3.7,600,False,,ok,,,,96,all configured uniform portfolios agree with Conjure,target/sat-coverage-survey/logs/0437-basic_matrix_11-index-matrix-literal.log
basic/matrix/12-alldiff-matrix-literal-needs-flattening,pass,True,65,1.554,3.7,600,False,,ok,,,,102,all configured uniform portfolios agree with Conjure,target/sat-coverage-survey/logs/0451-basic_matrix_12-alldiff-matrix-literal-needs-flattening.log
basic/matrix/13-index-matrix-literal-2d,pass,True,130,3.419,53.4,600,False,,ok,,,,112,all configured uniform portfolios agree with Conjure,target/sat-coverage-survey/logs/0484-basic_matrix_13-index-matrix-literal-2d.log
basic/matrix/14-matrix-index-matrix,pass,True,130,2.156,3.6,600,False,,ok,,,,118,all configured uniform portfolios agree with Conjure,target/sat-coverage-survey/logs/0498-basic_matrix_14-matrix-index-matrix.log
basic/matrix/15-matrix-index-matrix-with-offset,pass,True,130,2.16,4.0,600,False,,ok,,,,118,all configured uniform portfolios agree with Conjure,target/sat-coverage-survey/logs/0499-basic_matrix_15-matrix-index-matrix-with-offset.log
basic/matrix/16-matrix-out-bounds,pass,True,130,1.954,3.9,600,False,,ok,,,,155,all configured uniform portfolios agree with Conjure,target/sat-coverage-survey/logs/0541-basic_matrix_16-matrix-out-bounds.log
basic/matrix/17-matrix-out-bounds-reify,pass,True,130,2.998,27.3,600,False,,ok,,,,178,all configured uniform portfolios agree with Conjure,target/sat-coverage-survey/logs/0562-basic_matrix_17-matrix-out-bounds-reify.log
basic/matrix/18-matrix-out-bounds-possibly-undef,pass,True,130,2.572,3.9,600,False,,ok,,,,263,all configured uniform portfolios agree with Conjure,target/sat-coverage-survey/logs/0600-basic_matrix_18-matrix-out-bounds-possibly-undef.log
basic/max/01,pass,True,65,1.375,4.0,600,False,,ok,,,,47,all configured uniform portfolios agree with Conjure,target/sat-coverage-survey/logs/0279-basic_max_01.log
basic/max/01_1_const,pass,True,65,1.352,4.0,600,False,,ok,,,,73,all configured uniform portfolios agree with Conjure,target/sat-coverage-survey/logs/0367-basic_max_01_1_const.log
basic/max/02,pass,True,65,1.368,4.0,600,False,,ok,,,,47,all configured uniform portfolios agree with Conjure,target/sat-coverage-survey/logs/0280-basic_max_02.log
basic/max/03,pass,True,65,1.355,4.0,600,False,,ok,,,,60,all configured uniform portfolios agree with Conjure,target/sat-coverage-survey/logs/0315-basic_max_03.log
basic/max/04,pass,True,65,1.146,4.0,600,False,,ok,,,,60,all configured uniform portfolios agree with Conjure,target/sat-coverage-survey/logs/0316-basic_max_04.log
basic/max/05,pass,True,65,1.348,4.0,600,False,,ok,,,,60,all configured uniform portfolios agree with Conjure,target/sat-coverage-survey/logs/0317-basic_max_05.log
basic/min/01,pass,True,65,1.369,3.4,600,False,,ok,,,,47,all configured uniform portfolios agree with Conjure,target/sat-coverage-survey/logs/0281-basic_min_01.log
basic/min/02,pass,True,65,1.373,4.0,600,False,,ok,,,,47,all configured uniform portfolios agree with Conjure,target/sat-coverage-survey/logs/0282-basic_min_02.log
basic/min/03,pass,True,65,1.346,2.2,600,False,,ok,,,,60,all configured uniform portfolios agree with Conjure,target/sat-coverage-survey/logs/0318-basic_min_03.log
basic/min/04,pass,True,65,1.347,4.0,600,False,,ok,,,,75,all configured uniform portfolios agree with Conjure,target/sat-coverage-survey/logs/0374-basic_min_04.log
basic/min/05,pass,True,65,1.346,4.0,600,False,,ok,,,,60,all configured uniform portfolios agree with Conjure,target/sat-coverage-survey/logs/0319-basic_min_05.log
basic/misc/xyz,pass,True,65,1.146,4.0,600,False,,ok,,,,64,all configured uniform portfolios agree with Conjure,target/sat-coverage-survey/logs/0332-basic_misc_xyz.log
basic/mod/01,pass,True,65,1.352,4.0,600,False,,ok,,,,41,all configured uniform portfolios agree with Conjure,target/sat-coverage-survey/logs/0259-basic_mod_01.log
basic/mod/02,pass,True,65,1.356,3.7,600,False,,ok,,,,75,all configured uniform portfolios agree with Conjure,target/sat-coverage-survey/logs/0375-basic_mod_02.log
basic/mod/03,pass,True,65,1.973,4.0,600,False,,ok,,,,39,all configured uniform portfolios agree with Conjure,target/sat-coverage-survey/logs/0256-basic_mod_03.log
basic/mod/04,pass,True,65,1.755,3.2,600,False,,ok,,,,44,all configured uniform portfolios agree with Conjure,target/sat-coverage-survey/logs/0266-basic_mod_04.log
basic/mod/05,pass,True,65,1.762,4.0,600,False,,ok,,,,44,all configured uniform portfolios agree with Conjure,target/sat-coverage-survey/logs/0267-basic_mod_05.log
basic/mod/06,pass,True,65,1.761,4.0,600,False,,ok,,,,44,all configured uniform portfolios agree with Conjure,target/sat-coverage-survey/logs/0268-basic_mod_06.log
basic/neg/01-negeq,pass,True,65,1.358,3.7,600,False,,ok,,,,77,all configured uniform portfolios agree with Conjure,target/sat-coverage-survey/logs/0387-basic_neg_01-negeq.log
basic/neg/02-nested-neg,pass,True,65,1.347,4.0,600,False,,ok,,,,103,all configured uniform portfolios agree with Conjure,target/sat-coverage-survey/logs/0459-basic_neg_02-nested-neg.log
basic/neg/03-negated-expression,pass,True,65,1.347,3.9,600,False,,ok,,,,102,all configured uniform portfolios agree with Conjure,target/sat-coverage-survey/logs/0452-basic_neg_03-negated-expression.log
basic/neg/04-negated-expression-nested,pass,True,65,1.56,4.0,600,False,,ok,,,,107,all configured uniform portfolios agree with Conjure,target/sat-coverage-survey/logs/0470-basic_neg_04-negated-expression-nested.log
basic/neg/05-sum,pass,True,65,1.144,4.0,600,False,,ok,,,,155,all configured uniform portfolios agree with Conjure,target/sat-coverage-survey/logs/0542-basic_neg_05-sum.log
basic/neg/06-sum-nested,pass,True,65,1.347,4.0,600,False,,ok,,,,209,all configured uniform portfolios agree with Conjure,target/sat-coverage-survey/logs/0582-basic_neg_06-sum-nested.log
basic/neg/unary-negation,pass,True,65,1.552,4.1,600,False,,ok,,,,42,all configured uniform portfolios agree with Conjure,target/sat-coverage-survey/logs/0263-basic_neg_unary-negation.log
basic/negativeTable/01,pass,True,195,1.567,4.2,600,False,Conjure does not support negativeTable,not completed,,,,76,solution check without Conjure reference: Conjure does not support negativeTable,target/sat-coverage-survey/logs/0382-basic_negativeTable_01.log
basic/optimisation-intermediate-solutions,pass,True,65,0.941,3.7,600,False,Conjure does not expose intermediate optimisation solutions,not completed,,,,75,solution check without Conjure reference: Conjure does not expose intermediate optimisation solutions,target/sat-coverage-survey/logs/0376-basic_optimisation-intermediate-solutions.log
basic/pow/01-simple,residual_constraints,False,0,0.95,4.0,600,False,,ok,,residual_constraints,"Un-encoded constraints in the model: [SafePow(SATInt(Log, [__10,__13,__15,__17;int(1..)] [2, 5]), SATInt(Log, [__19,__22,__24,__26;int(1..)] [2, 5])) = 4, __9, __6]",65,"Un-encoded constraints in the model: [SafePow(SATInt(Log, [__6,__7,__8,false;int(1..)] [2, 5]), SATInt(Log, [__9,__10,__11,false;int(1..)] [2, 5])) = 4, __5, __2]",target/sat-coverage-survey/logs/0007-basic_pow_01-simple.log
basic/pow/02-exponent-zero,residual_constraints,False,0,4.113,124.1,600,False,,ok,,residual_constraints,"Un-encoded constraints in the model: [SafePow(SATInt(Log, [__13,__16,__18,__20;int(1..)] [2, 5]), SATInt(Log, [__22,__24,__26,__28;int(1..)] [0, 5])) = 4, __12, __9]",81,"Un-encoded constraints in the model: [SafePow(SATInt(Log, [__6,__7,__8,false;int(1..)] [2, 5]), SATInt(Log, [__9,__10,__11,false;int(1..)] [0, 5])) = 4, __5, __2]",target/sat-coverage-survey/logs/0035-basic_pow_02-exponent-zero.log
basic/pow/03-negative-exponent,residual_constraints,False,0,0.952,3.9,600,False,,ok,,residual_constraints,"Un-encoded constraints in the model: [SafePow(SATInt(Log, [__17,__20,__22,__24;int(1..)] [2, 5]), SATInt(Log, [__27,__30,__32,__35;int(1..)] [-5, 5])) = 2, __16, __13]",82,"Un-encoded constraints in the model: [SafePow(SATInt(Log, [__6,__7,__8,false;int(1..)] [2, 5]), SATInt(Log, [__9,__10,__11,__12;int(1..)] [-5, 5])) = 2, __5, __2]",target/sat-coverage-survey/logs/0039-basic_pow_03-negative-exponent.log
basic/pow/04-flatten,residual_constraints,False,0,0.936,4.0,600,False,,ok,,residual_constraints,"Un-encoded constraints in the model: [SafePow(SATInt(Log, [__455,__458,__463,__468,__473,__478;int(1..)] [4, 22]), SATInt(Log, [__893,__894,__895,__896,__897;int(1..)] [0, 2])) = 4, __1315, __434]",90,"Un-encoded constraints in the model: [SafePow(SATInt(Log, [__731,__732,__733,__734,__735,__736,false;int(1..)] [4, 40]), SATInt(Log, [__725,__726,false;int(1..)] [0, 2])) = 4, __730, __727]",target/sat-coverage-survey/logs/0058-basic_pow_04-flatten.log
basic/pow/05-negative-base,residual_constraints,False,0,0.938,4.0,600,False,,ok,,residual_constraints,"Un-encoded constraints in the model: [SafePow(SATInt(Log, [__34,__37;int(1..)] [-2, 0]), SATInt(Log, [__39,__42,__44;int(1..)] [2, 3])) = SATInt(Log, [__21,__24,__27,__29,__32;int(1..)] [-10, -1]), __20, __17]",354,"Un-encoded constraints in the model: [SafePow(SATInt(Log, [x#int_direct_2,__12;int(1..)] [-2, 0]), SATInt(Log, [y#int_direct_2,__13,false;int(1..)] [2, 3])) = SATInt(Log, [__7,__8,__9,__10,__11;int(1..)] [-10, -1]), __6, __3]",target/sat-coverage-survey/logs/0159-basic_pow_05-negative-base.log
basic/product/01-simple,pass,True,65,2.162,4.0,600,False,,ok,,,,72,all configured uniform portfolios agree with Conjure,target/sat-coverage-survey/logs/0363-basic_product_01-simple.log
basic/sequence/apply-in-range,pass,True,50,1.141,3.9,600,False,,ok,,,,214,all configured uniform portfolios agree with Conjure,target/sat-coverage-survey/logs/0583-basic_sequence_apply-in-range.log
basic/sequence/apply-out-of-range,pass,False,260,2.804,4.1,600,False,,ok,,,,318,all configured uniform portfolios agree with Conjure,target/sat-coverage-survey/logs/0155-basic_sequence_apply-out-of-range.log
basic/sum/01-deeply-nested,pass,True,25,0.939,4.0,600,False,,ok,,,,199,all configured uniform portfolios agree with Conjure,target/sat-coverage-survey/logs/0580-basic_sum_01-deeply-nested.log
basic/sum/02-sum-put-in-aux-var,pass,True,65,1.757,2.1,600,False,,ok,,,,169,all configured uniform portfolios agree with Conjure,target/sat-coverage-survey/logs/0556-basic_sum_02-sum-put-in-aux-var.log
basic/table/01,pass,True,130,1.341,3.9,600,False,,ok,,,,124,all configured uniform portfolios agree with Conjure,target/sat-coverage-survey/logs/0508-basic_table_01.log
basic/table/02,pass,True,195,1.76,4.0,600,False,,ok,,,,109,all configured uniform portfolios agree with Conjure,target/sat-coverage-survey/logs/0476-basic_table_02.log
basic/table/03,pass,True,130,1.348,4.7,600,False,,ok,,,,102,all configured uniform portfolios agree with Conjure,target/sat-coverage-survey/logs/0453-basic_table_03.log
basic/toInt/01,pass,True,65,1.158,4.0,600,False,,ok,,,,58,all configured uniform portfolios agree with Conjure,target/sat-coverage-survey/logs/0309-basic_toInt_01.log
basic/toInt/02-flatten,pass,True,65,1.146,4.0,600,False,,ok,,,,46,all configured uniform portfolios agree with Conjure,target/sat-coverage-survey/logs/0276-basic_toInt_02-flatten.log
basic/tuples/01-bool-int,pass,False,195,1.963,4.0,600,False,,ok,,,,85,all configured uniform portfolios agree with Conjure,target/sat-coverage-survey/logs/0046-basic_tuples_01-bool-int.log
basic/tuples/02-literal-indexing,pass,True,65,1.147,4.0,600,False,,ok,,,,69,all configured uniform portfolios agree with Conjure,target/sat-coverage-survey/logs/0357-basic_tuples_02-literal-indexing.log
basic/tuples/03-equality,pass,False,130,2.574,3.8,600,False,,ok,,,,97,all configured uniform portfolios agree with Conjure,target/sat-coverage-survey/logs/0071-basic_tuples_03-equality.log
basic/tuples/04-inequality,pass,False,130,8.37,41.4,600,False,,ok,,,,98,all configured uniform portfolios agree with Conjure,target/sat-coverage-survey/logs/0074-basic_tuples_04-inequality.log
basic/tuples/05-equal-to-constant,pass,True,130,1.551,3.6,600,False,,ok,,,,64,all configured uniform portfolios agree with Conjure,target/sat-coverage-survey/logs/0333-basic_tuples_05-equal-to-constant.log
basic/tuples/06-letting-statement-explicit,pass,True,1,0.941,4.1,600,False,,ok,,,,28,all configured uniform portfolios agree with Conjure,target/sat-coverage-survey/logs/0244-basic_tuples_06-letting-statement-explicit.log
basic/tuples/07-letting-statement-domain,pass,True,130,1.764,4.0,600,False,,ok,,,,79,all configured uniform portfolios agree with Conjure,target/sat-coverage-survey/logs/0396-basic_tuples_07-letting-statement-domain.log
basic/var-in-domain/01,pass,True,65,0.946,4.0,600,False,Conjure does not support decision variables in domains,not completed,,,,57,solution check without Conjure reference: Conjure does not support decision variables in domains,target/sat-coverage-survey/logs/0305-basic_var-in-domain_01.log
basic/var-in-domain/02,pass,True,65,2.585,4.0,600,False,Conjure does not support decision variables in domains,not completed,,,,76,solution check without Conjure reference: Conjure does not support decision variables in domains,target/sat-coverage-survey/logs/0383-basic_var-in-domain_02.log
basic/weighted-sum/01-simple-lt,pass,True,65,1.374,4.0,600,False,,ok,,,,56,all configured uniform portfolios agree with Conjure,target/sat-coverage-survey/logs/0302-basic_weighted-sum_01-simple-lt.log
basic/weighted-sum/02-simple-gt,pass,True,65,1.363,3.9,600,False,,ok,,,,50,all configured uniform portfolios agree with Conjure,target/sat-coverage-survey/logs/0286-basic_weighted-sum_02-simple-gt.log
basic/weighted-sum/03-simple-eq,pass,True,65,1.167,3.9,600,False,,ok,,,,50,all configured uniform portfolios agree with Conjure,target/sat-coverage-survey/logs/0287-basic_weighted-sum_03-simple-eq.log
basic/weighted-sum/04-needs-normalising,pass,True,65,1.554,4.0,600,False,,ok,,,,83,all configured uniform portfolios agree with Conjure,target/sat-coverage-survey/logs/0408-basic_weighted-sum_04-needs-normalising.log
basic/weighted-sum/05-flattening,pass,True,65,106.576,142.9,600,False,,ok,,,,190,all configured uniform portfolios agree with Conjure,target/sat-coverage-survey/logs/0570-basic_weighted-sum_05-flattening.log
bugs/domain-lettings-in-comprehensions-leak-vars-into-scope,pass,True,65,1.145,4.0,600,False,,ok,,,,489,all configured uniform portfolios agree with Conjure,target/sat-coverage-survey/logs/0649-bugs_domain-lettings-in-comprehensions-leak-vars-into-scope.log
bugs/experiment/freezes,pass,True,65,1.555,4.0,600,False,,ok,,,,105,all configured uniform portfolios agree with Conjure,target/sat-coverage-survey/logs/0465-bugs_experiment_freezes.log
bugs/experiment/works/max2,pass,True,65,1.349,4.0,600,False,,ok,,,,99,all configured uniform portfolios agree with Conjure,target/sat-coverage-survey/logs/0443-bugs_experiment_works_max2.log
bugs/experiment/works/min,pass,True,65,1.145,4.0,600,False,,ok,,,,45,all configured uniform portfolios agree with Conjure,target/sat-coverage-survey/logs/0271-bugs_experiment_works_min.log
bugs/infinite-bubble-up,pass,True,25,3.005,76.9,600,False,,ok,,,,5316,all configured uniform portfolios agree with Conjure,target/sat-coverage-survey/logs/0663-bugs_infinite-bubble-up.log
bugs/issue-336-empty-or-should-be-false,pass,True,25,0.938,4.0,600,False,,ok,,,,237,all configured uniform portfolios agree with Conjure,target/sat-coverage-survey/logs/0592-bugs_issue-336-empty-or-should-be-false.log
bugs/parse-indices-in-wrong-order,pass,True,65,8.75,426.1,600,False,,ok,,,,1657,all configured uniform portfolios agree with Conjure,target/sat-coverage-survey/logs/0661-bugs_parse-indices-in-wrong-order.log
bugs/sm600-non-terminating-min,pass,True,65,1.349,4.0,600,False,,ok,,,,115,all configured uniform portfolios agree with Conjure,target/sat-coverage-survey/logs/0491-bugs_sm600-non-terminating-min.log
bugs/treemorph-misses-node-01,residual_constraints,False,0,1.149,4.0,600,False,,ok,,residual_constraints,"Un-encoded constraints in the model: [SafePow(SATInt(Log, [__39,__41,__43,__45;int(1..)] [1, 5]), SATInt(Log, [__47,__50,__52;int(1..)] [2, 2])) = sum([SafePow(SATInt(Log, [__55,__57,__59,__61,__63,__65,__67,__69;int(1..)] [1, 75]), SATInt(Log, [__71,__74,__76;int(1..)] [2, 2])),SafePow(SATInt(Log, [__79,__81,__83,__85,__87,__89,__91,__93;int(1..)] [1, 75]), SATInt(Log, [__95,__98,__100;int(1..)] [2, 2]));int(1..)])]",128,"Un-encoded constraints in the model: [SafePow(SATInt(Log, [__3,__4,__5,false;int(1..)] [1, 5]), SATInt(Log, [false,true,false;int(1..)] [2, 2])) = sum([SafePow(SATInt(Log, [__6,__7,__8,__9,__10,__11,__12,false;int(1..)] [1, 75]), SATInt(Log, [false,true,false;int(1..)] [2, 2])),SafePow(SATInt(Log, [__13,__14,__15,__16,__17,__18,__19,false;int(1..)] [1, 75]), SATInt(Log, [false,true,false;int(1..)] [2, 2]));int(1..)])]",target/sat-coverage-survey/logs/0105-bugs_treemorph-misses-node-01.log
bugs/yb33-min-of-constants-parses-as-nothing,pass,True,65,1.141,4.0,600,False,,ok,,,,118,all configured uniform portfolios agree with Conjure,target/sat-coverage-survey/logs/0500-bugs_yb33-min-of-constants-parses-as-nothing.log
cnf/bool-eq,pass,True,1,0.941,4.0,600,False,,ok,,,,44,all configured uniform portfolios agree with Conjure,target/sat-coverage-survey/logs/0269-cnf_bool-eq.log
cnf/bool-ineq,pass,True,1,0.939,4.0,600,False,,ok,,,,45,all configured uniform portfolios agree with Conjure,target/sat-coverage-survey/logs/0272-cnf_bool-ineq.log
cnf/cnf1,pass,True,1,0.935,3.9,600,False,,ok,,,,60,all configured uniform portfolios agree with Conjure,target/sat-coverage-survey/logs/0320-cnf_cnf1.log
cnf/cnf3,pass,True,1,0.94,4.0,600,False,,ok,,,,46,all configured uniform portfolios agree with Conjure,target/sat-coverage-survey/logs/0277-cnf_cnf3.log
cnf/comparison/better_direct,pass,True,65,1.34,3.8,600,False,,ok,,,,300,all configured uniform portfolios agree with Conjure,target/sat-coverage-survey/logs/0618-cnf_comparison_better_direct.log
cnf/comparison/better_log,pass,True,65,1.344,4.4,600,False,,ok,,,,300,all configured uniform portfolios agree with Conjure,target/sat-coverage-survey/logs/0619-cnf_comparison_better_log.log
cnf/comparison/sparse_direct,pass,True,65,1.555,3.9,600,False,,ok,,,,75,all configured uniform portfolios agree with Conjure,target/sat-coverage-survey/logs/0377-cnf_comparison_sparse_direct.log
cnf/comparison/sparse_log,pass,True,65,1.552,1.0,600,False,,ok,,,,75,all configured uniform portfolios agree with Conjure,target/sat-coverage-survey/logs/0378-cnf_comparison_sparse_log.log
cnf/equivalence1,pass,True,1,0.939,4.7,600,False,,ok,,,,46,all configured uniform portfolios agree with Conjure,target/sat-coverage-survey/logs/0278-cnf_equivalence1.log
cnf/implication1,pass,True,1,0.94,4.0,600,False,,ok,,,,45,all configured uniform portfolios agree with Conjure,target/sat-coverage-survey/logs/0273-cnf_implication1.log
cnf/implication2,pass,True,1,0.94,4.0,600,False,,ok,,,,66,all configured uniform portfolios agree with Conjure,target/sat-coverage-survey/logs/0343-cnf_implication2.log
cnf/int_direct/01-eq,pass,True,65,1.374,4.0,600,False,,ok,,,,58,all configured uniform portfolios agree with Conjure,target/sat-coverage-survey/logs/0310-cnf_int_direct_01-eq.log
cnf/int_direct/02-eq,pass,True,65,1.165,4.0,600,False,,ok,,,,55,all configured uniform portfolios agree with Conjure,target/sat-coverage-survey/logs/0295-cnf_int_direct_02-eq.log
cnf/int_direct/02-neq,pass,True,65,1.355,4.0,600,False,,ok,,,,59,all configured uniform portfolios agree with Conjure,target/sat-coverage-survey/logs/0313-cnf_int_direct_02-neq.log
cnf/int_direct/03-ineq,pass,True,65,1.756,4.0,600,False,,ok,,,,80,all configured uniform portfolios agree with Conjure,target/sat-coverage-survey/logs/0399-cnf_int_direct_03-ineq.log
cnf/int_direct/05-neg,pass,True,65,1.76,3.8,600,False,,ok,,,,78,all configured uniform portfolios agree with Conjure,target/sat-coverage-survey/logs/0391-cnf_int_direct_05-neg.log
cnf/int_direct/06-abs,pass,True,65,1.145,2.1,600,False,,ok,,,,96,all configured uniform portfolios agree with Conjure,target/sat-coverage-survey/logs/0438-cnf_int_direct_06-abs.log
cnf/int_direct/06-add,pass,True,65,13.761,67.3,600,False,,ok,,,,108,all configured uniform portfolios agree with Conjure,target/sat-coverage-survey/logs/0474-cnf_int_direct_06-add.log
cnf/int_direct/07-abs-nonnegative,pass,True,65,1.143,3.7,600,False,,ok,,,,94,all configured uniform portfolios agree with Conjure,target/sat-coverage-survey/logs/0433-cnf_int_direct_07-abs-nonnegative.log
cnf/int_direct/07-add-single-pair,pass,True,65,1.146,3.9,600,False,,ok,,,,102,all configured uniform portfolios agree with Conjure,target/sat-coverage-survey/logs/0454-cnf_int_direct_07-add-single-pair.log
cnf/int_direct/08-abs-nonpositive,pass,True,65,1.146,4.0,600,False,,ok,,,,97,all configured uniform portfolios agree with Conjure,target/sat-coverage-survey/logs/0440-cnf_int_direct_08-abs-nonpositive.log
cnf/int_direct/08-add-constants,pass,True,65,1.344,4.0,600,False,,ok,,,,97,all configured uniform portfolios agree with Conjure,target/sat-coverage-survey/logs/0441-cnf_int_direct_08-add-constants.log
cnf/int_direct/09-abs-zero,pass,True,65,1.148,3.9,600,False,,ok,,,,80,all configured uniform portfolios agree with Conjure,target/sat-coverage-survey/logs/0400-cnf_int_direct_09-abs-zero.log
cnf/int_order,pass,True,25,0.935,4.0,600,False,,ok,,,,61,all configured uniform portfolios agree with Conjure,target/sat-coverage-survey/logs/0324-cnf_int_order.log
cnf/int_order_2,pass,True,65,1.139,3.7,600,False,,ok,,,,60,all configured uniform portfolios agree with Conjure,target/sat-coverage-survey/logs/0321-cnf_int_order_2.log
cnf/integer/01-lt,pass,True,65,1.147,4.0,600,False,,ok,,,,59,all configured uniform portfolios agree with Conjure,target/sat-coverage-survey/logs/0314-cnf_integer_01-lt.log
cnf/integer/02-add,pass,True,65,1.351,1.0,600,False,,ok,,,,67,all configured uniform portfolios agree with Conjure,target/sat-coverage-survey/logs/0346-cnf_integer_02-add.log
cnf/integer/03-ranges,pass,True,65,1.341,4.0,600,False,,ok,,,,85,all configured uniform portfolios agree with Conjure,target/sat-coverage-survey/logs/0414-cnf_integer_03-ranges.log
cnf/integer/04-complex-add,pass,True,65,2.364,3.8,600,False,,ok,,,,156,all configured uniform portfolios agree with Conjure,target/sat-coverage-survey/logs/0543-cnf_integer_04-complex-add.log
cnf/integer/05-product,pass,True,65,2.16,3.9,600,False,,ok,,,,67,all configured uniform portfolios agree with Conjure,target/sat-coverage-survey/logs/0347-cnf_integer_05-product.log
cnf/integer/07-min,pass,True,65,1.357,4.0,600,False,,ok,,,,82,all configured uniform portfolios agree with Conjure,target/sat-coverage-survey/logs/0406-cnf_integer_07-min.log
cnf/integer/08-max,pass,True,65,1.351,4.0,600,False,,ok,,,,81,all configured uniform portfolios agree with Conjure,target/sat-coverage-survey/logs/0402-cnf_integer_08-max.log
cnf/integer/09-abs,pass,True,65,2.167,4.0,600,False,,ok,,,,74,all configured uniform portfolios agree with Conjure,target/sat-coverage-survey/logs/0371-cnf_integer_09-abs.log
cnf/integer/10-div,pass,True,65,5.488,170.3,600,False,,ok,,,,88,all configured uniform portfolios agree with Conjure,target/sat-coverage-survey/logs/0420-cnf_integer_10-div.log
cnf/integer/11-minus,pass,True,65,1.354,3.9,600,False,,ok,,,,63,all configured uniform portfolios agree with Conjure,target/sat-coverage-survey/logs/0329-cnf_integer_11-minus.log
cnf/neg-div,pass,True,65,40.128,112.5,600,False,,ok,,,,48,all configured uniform portfolios agree with Conjure,target/sat-coverage-survey/logs/0284-cnf_neg-div.log
cnf/one_unbound_literal,pass,True,1,1.146,3.0,600,False,,ok,,,,76,all configured uniform portfolios agree with Conjure,target/sat-coverage-survey/logs/0384-cnf_one_unbound_literal.log
cnf/one_unconstrained_literal,pass,True,1,1.149,4.2,600,False,,ok,,,,14,all configured uniform portfolios agree with Conjure,target/sat-coverage-survey/logs/0238-cnf_one_unconstrained_literal.log
cnf/order_neq,pass,True,65,6.102,31.9,600,False,,ok,,,,88,all configured uniform portfolios agree with Conjure,target/sat-coverage-survey/logs/0421-cnf_order_neq.log
cnf/single_disjunction,pass,True,1,1.158,4.0,600,False,,ok,,,,47,all configured uniform portfolios agree with Conjure,target/sat-coverage-survey/logs/0283-cnf_single_disjunction.log
cnf/three_unconstrained_literals,pass,True,1,0.941,4.1,600,False,,ok,,,,20,all configured uniform portfolios agree with Conjure,target/sat-coverage-survey/logs/0242-cnf_three_unconstrained_literals.log
cnf/two_unbound_literals,pass,True,1,1.143,4.0,600,False,,ok,,,,90,all configured uniform portfolios agree with Conjure,target/sat-coverage-survey/logs/0424-cnf_two_unbound_literals.log
cnf/two_unconstrained_literals,pass,True,1,0.936,4.2,600,False,,ok,,,,17,all configured uniform portfolios agree with Conjure,target/sat-coverage-survey/logs/0241-cnf_two_unconstrained_literals.log
conjure/all_diff/all_diff_except_comprehension_smoke,pass,True,110,1.544,3.8,600,False,,ok,,,,133,all configured uniform portfolios agree with Conjure,target/sat-coverage-survey/logs/0520-conjure_all_diff_all_diff_except_comprehension_smoke.log
conjure/function/function_complex_01,residual_constraints,False,0,0.942,4.0,600,False,Oxide and Conjure order set-valued function keys differently,not completed,,pass,solution check without Conjure reference: Oxide and Conjure order set-valued function keys differently,134,"Un-encoded constraints in the model: [or([__0,__52,and([__53,([x#as_relation_1#as_set_1#explicit_1#components_1#components_1#explicit_1#components_1,x#as_relation_1#as_set_1#explicit_1#components_1#components_1#explicit_1#components_2;int(1..)] <lex [x#as_relation_1#as_set_1#explicit_1#components_2#components_1#explicit_1#components_1,x#as_relation_1#as_set_1#explicit_1#components_2#components_1#explicit_1#components_2;int(1..)]);int(1..)]),__118;int(1..)]), or([__1,__62,and([__63,([x#as_relation_1#as_set_1#explicit_1#components_2#components_1#explicit_1#components_1,x#as_relation_1#as_set_1#explicit_1#components_2#components_1#explicit_1#components_2;int(1..)] <lex [x#as_relation_1#as_set_1#explicit_1#components_3#components_1#explicit_1#components_1,x#as_relation_1#as_set_1#explicit_1#components_3#components_1#explicit_1#components_2;int(1..)]);int(1..)]),__133;int(1..)])]",target/sat-coverage-survey/logs/0106-conjure_function_function_complex_01.log
conjure/function/function_partial_int_set_01,pass,False,459,23.924,264.7,600,False,,ok,,,,92,all configured uniform portfolios agree with Conjure,target/sat-coverage-survey/logs/0063-conjure_function_function_partial_int_set_01.log
conjure/function/function_partial_smoke,memory_limit,False,132,28.449,4983.8,600,False,,ok,,timeout,fixture exceeded 60 seconds; unsupported semantics not established,72,fixture exceeded 4 GiB RSS; unsupported semantics not established,target/sat-coverage-survey/logs/0012-conjure_function_function_partial_smoke.log
conjure/function/function_record_injective_attr,pass,False,502,391.461,3360.0,600,False,,ok,,,,138,all configured uniform portfolios agree with Conjure,target/sat-coverage-survey/logs/0110-conjure_function_function_record_injective_attr.log
conjure/function/function_total_bool_01,pass,True,314,15.204,171.8,600,False,,ok,,,,68,all configured uniform portfolios agree with Conjure,target/sat-coverage-survey/logs/0354-conjure_function_function_total_bool_01.log
conjure/function/function_total_bool_02,pass,True,1365,96.596,568.4,600,False,,ok,,,,81,all configured uniform portfolios agree with Conjure,target/sat-coverage-survey/logs/0403-conjure_function_function_total_bool_02.log
conjure/function/function_total_bool_03,pass,False,439,83.147,697.0,600,False,,ok,,,,80,all configured uniform portfolios agree with Conjure,target/sat-coverage-survey/logs/0031-conjure_function_function_total_bool_03.log
conjure/function/function_total_bool_04,pass,False,439,322.782,2796.9,600,False,,ok,,,,80,all configured uniform portfolios agree with Conjure,target/sat-coverage-survey/logs/0032-conjure_function_function_total_bool_04.log
conjure/function/function_total_bool_05,pass,False,1410,112.474,485.7,600,False,,ok,,,,80,all configured uniform portfolios agree with Conjure,target/sat-coverage-survey/logs/0033-conjure_function_function_total_bool_05.log
conjure/function/function_total_bool_06,pass,False,1410,452.07,971.3,600,False,,ok,,,,80,all configured uniform portfolios agree with Conjure,target/sat-coverage-survey/logs/0034-conjure_function_function_total_bool_06.log
conjure/function/function_total_bool_smoke,pass,True,314,15.425,171.5,600,False,,ok,,,,68,all configured uniform portfolios agree with Conjure,target/sat-coverage-survey/logs/0355-conjure_function_function_total_bool_smoke.log
conjure/function/function_total_int_01,pass,True,314,45.5,473.4,600,False,,ok,,,,73,all configured uniform portfolios agree with Conjure,target/sat-coverage-survey/logs/0368-conjure_function_function_total_int_01.log
conjure/function/function_total_int_02,pass,True,1300,215.645,652.8,600,False,,ok,,,,86,all configured uniform portfolios agree with Conjure,target/sat-coverage-survey/logs/0415-conjure_function_function_total_int_02.log
conjure/function/function_total_int_03,memory_limit,False,181,149.975,6079.0,600,False,,ok,,pass,all configured uniform portfolios agree with Conjure,85,fixture exceeded 4 GiB RSS; unsupported semantics not established,target/sat-coverage-survey/logs/0047-conjure_function_function_total_int_03.log
conjure/function/function_total_int_04,memory_limit,False,132,36.199,5656.5,600,False,,ok,,pass,all configured uniform portfolios agree with Conjure,85,fixture exceeded 4 GiB RSS; unsupported semantics not established,target/sat-coverage-survey/logs/0048-conjure_function_function_total_int_04.log
conjure/function/function_total_int_05,memory_limit,False,439,315.628,4273.0,600,False,,ok,,pass,all configured uniform portfolios agree with Conjure,85,fixture exceeded 4 GiB RSS; unsupported semantics not established,target/sat-coverage-survey/logs/0049-conjure_function_function_total_int_05.log
conjure/function/function_total_int_06,memory_limit,False,390,87.865,7231.9,600,False,,ok,,pass,all configured uniform portfolios agree with Conjure,85,fixture exceeded 4 GiB RSS; unsupported semantics not established,target/sat-coverage-survey/logs/0050-conjure_function_function_total_int_06.log
conjure/function/function_total_int_set_01,memory_limit,False,116,181.12,6109.7,600,False,,ok,,pass,all configured uniform portfolios agree with Conjure,99,fixture exceeded 4 GiB RSS; unsupported semantics not established,target/sat-coverage-survey/logs/0077-conjure_function_function_total_int_set_01.log
conjure/function/function_total_record_01_find,pass,True,377,148.319,2933.4,600,False,,ok,,,,102,all configured uniform portfolios agree with Conjure,target/sat-coverage-survey/logs/0455-conjure_function_function_total_record_01_find.log
conjure/function/function_total_tuple_01_find,pass,True,312,150.416,2115.3,600,False,,ok,,,,81,all configured uniform portfolios agree with Conjure,target/sat-coverage-survey/logs/0404-conjure_function_function_total_tuple_01_find.log
conjure/function/function_tuple_injective_attr,pass,False,437,408.248,3021.4,600,False,,ok,,,,139,all configured uniform portfolios agree with Conjure,target/sat-coverage-survey/logs/0113-conjure_function_function_tuple_injective_attr.log
conjure/matrix/matrix01_bools,pass,True,1,0.938,4.0,600,False,,ok,,,,91,all configured uniform portfolios agree with Conjure,target/sat-coverage-survey/logs/0428-conjure_matrix_matrix01_bools.log
conjure/matrix/matrix_atmost_atleast,residual_constraints,False,0,0.939,4.0,600,False,,ok,,residual_constraints,"Un-encoded constraints in the model: [atMost([SATInt(Offset, [m#components_1#int_offset_1,m#components_1#int_offset_2;int(1..)] [1, 4]),SATInt(Offset, [m#components_2#int_offset_1,m#components_2#int_offset_2;int(1..)] [1, 4]),SATInt(Offset, [m#components_3#int_offset_1,m#components_3#int_offset_2;int(1..)] [1, 4]),SATInt(Offset, [m#components_4#int_offset_1,m#components_4#int_offset_2;int(1..)] [1, 4]);int(1..)], [2,3;int(1..)], [1,2;int(1..)]), atLeast([SATInt(Offset, [m#components_1#int_offset_1,m#components_1#int_offset_2;int(1..)] [1, 4]),SATInt(Offset, [m#components_2#int_offset_1,m#components_2#int_offset_2;int(1..)] [1, 4]),SATInt(Offset, [m#components_3#int_offset_1,m#components_3#int_offset_2;int(1..)] [1, 4]),SATInt(Offset, [m#components_4#int_offset_1,m#components_4#int_offset_2;int(1..)] [1, 4]);int(1..)], [2,1;int(1..)], [2,3;int(1..)])]",121,"Un-encoded constraints in the model: [atMost([SATInt(Direct, [m#components_1#int_direct_1,m#components_1#int_direct_2,m#components_1#int_direct_3,m#components_1#int_direct_4;int(1..)] [1, 4]),SATInt(Direct, [m#components_2#int_direct_1,m#components_2#int_direct_2,m#components_2#int_direct_3,m#components_2#int_direct_4;int(1..)] [1, 4]),SATInt(Direct, [m#components_3#int_direct_1,m#components_3#int_direct_2,m#components_3#int_direct_3,m#components_3#int_direct_4;int(1..)] [1, 4]),SATInt(Direct, [m#components_4#int_direct_1,m#components_4#int_direct_2,m#components_4#int_direct_3,m#components_4#int_direct_4;int(1..)] [1, 4]);int(1..)], [2,3;int(1..)], [1,2;int(1..)]), atLeast([SATInt(Direct, [m#components_1#int_direct_1,m#components_1#int_direct_2,m#components_1#int_direct_3,m#components_1#int_direct_4;int(1..)] [1, 4]),SATInt(Direct, [m#components_2#int_direct_1,m#components_2#int_direct_2,m#components_2#int_direct_3,m#components_2#int_direct_4;int(1..)] [1, 4]),SATInt(Direct, [m#components_3#int_direct_1,m#components_3#int_direct_2,m#components_3#int_direct_3,m#components_3#int_direct_4;int(1..)] [1, 4]),SATInt(Direct, [m#components_4#int_direct_1,m#components_4#int_direct_2,m#components_4#int_direct_3,m#components_4#int_direct_4;int(1..)] [1, 4]);int(1..)], [2,1;int(1..)], [2,3;int(1..)])]",target/sat-coverage-survey/logs/0098-conjure_matrix_matrix_atmost_atleast.log
conjure/matrix/matrix_literal_comprehension,pass,True,65,1.553,4.0,600,False,,ok,,,,99,all configured uniform portfolios agree with Conjure,target/sat-coverage-survey/logs/0444-conjure_matrix_matrix_literal_comprehension.log
conjure/matrix/matrix_of_set_01,pass,False,92,3.417,55.1,600,False,,ok,,,,90,all configured uniform portfolios agree with Conjure,target/sat-coverage-survey/logs/0059-conjure_matrix_matrix_of_set_01.log
conjure/min_max/min_max_zero_and_guard_smoke,pass,True,65,1.138,4.0,600,False,,ok,,,,156,all configured uniform portfolios agree with Conjure,target/sat-coverage-survey/logs/0544-conjure_min_max_min_max_zero_and_guard_smoke.log
conjure/mset/mset01_find,pass,False,325,5.149,50.0,600,False,,ok,,,,73,all configured uniform portfolios agree with Conjure,target/sat-coverage-survey/logs/0014-conjure_mset_mset01_find.log
conjure/mset/mset01_param_p1,pass,False,325,7.132,50.4,600,False,,ok,,,,141,all configured uniform portfolios agree with Conjure,target/sat-coverage-survey/logs/0114-conjure_mset_mset01_param_p1.log
conjure/mset/mset01_param_p4,pass,False,325,7.143,51.9,600,False,,ok,,,,141,all configured uniform portfolios agree with Conjure,target/sat-coverage-survey/logs/0115-conjure_mset_mset01_param_p4.log
conjure/mset/mset01_param_p7,pass,False,325,7.345,51.2,600,False,,ok,,,,141,all configured uniform portfolios agree with Conjure,target/sat-coverage-survey/logs/0116-conjure_mset_mset01_param_p7.log
conjure/mset/mset02,pass,False,325,10.169,124.9,600,False,,ok,,,,61,all configured uniform portfolios agree with Conjure,target/sat-coverage-survey/logs/0002-conjure_mset_mset02.log
conjure/mset/mset03_1,pass,False,325,9.347,124.7,600,False,,ok,,,,62,all configured uniform portfolios agree with Conjure,target/sat-coverage-survey/logs/0003-conjure_mset_mset03_1.log
conjure/mset/mset03_2,pass,False,325,10.422,227.5,600,False,,ok,,,,62,all configured uniform portfolios agree with Conjure,target/sat-coverage-survey/logs/0004-conjure_mset_mset03_2.log
conjure/mset/mset04,pass,False,325,3.471,37.6,600,False,,ok,,,,70,all configured uniform portfolios agree with Conjure,target/sat-coverage-survey/logs/0010-conjure_mset_mset04.log
conjure/mset/mset05,pass,False,325,5.268,55.4,600,False,,ok,,,,84,all configured uniform portfolios agree with Conjure,target/sat-coverage-survey/logs/0045-conjure_mset_mset05.log
conjure/mset/mset06_1,pass,False,645,35.506,93.4,600,False,,ok,,,,74,all configured uniform portfolios agree with Conjure,target/sat-coverage-survey/logs/0019-conjure_mset_mset06_1.log
conjure/mset/mset06_2,pass,False,645,259.098,1115.8,600,False,,ok,,,,74,all configured uniform portfolios agree with Conjure,target/sat-coverage-survey/logs/0020-conjure_mset_mset06_2.log
conjure/mset/mset07,pass,False,325,4.08,64.6,600,False,,ok,,,,73,all configured uniform portfolios agree with Conjure,target/sat-coverage-survey/logs/0015-conjure_mset_mset07.log
conjure/partition/partition_01,memory_limit,False,140,299.039,4464.9,600,False,,ok,,pass,all configured uniform portfolios agree with Conjure,90,fixture exceeded 4 GiB RSS; unsupported semantics not established,target/sat-coverage-survey/logs/0060-conjure_partition_partition_01.log
conjure/partition/partition_02,memory_limit,False,140,224.985,4656.1,600,False,,ok,,pass,all configured uniform portfolios agree with Conjure,78,fixture exceeded 4 GiB RSS; unsupported semantics not established,target/sat-coverage-survey/logs/0028-conjure_partition_partition_02.log
conjure/partition/partition_03,memory_limit,False,140,224.966,4278.7,600,False,,ok,,pass,all configured uniform portfolios agree with Conjure,78,fixture exceeded 4 GiB RSS; unsupported semantics not established,target/sat-coverage-survey/logs/0029-conjure_partition_partition_03.log
conjure/partition/partition_lit_01,pass,True,1,0.935,4.0,600,False,,ok,,,,186,all configured uniform portfolios agree with Conjure,target/sat-coverage-survey/logs/0568-conjure_partition_partition_lit_01.log
conjure/permutation/perm_card_0001,pass,True,65,1.144,4.0,600,False,,ok,,,,96,all configured uniform portfolios agree with Conjure,target/sat-coverage-survey/logs/0439-conjure_permutation_perm_card_0001.log
conjure/permutation/perm_card_0002,pass,True,65,1.349,3.6,600,False,,ok,,,,79,all configured uniform portfolios agree with Conjure,target/sat-coverage-survey/logs/0397-conjure_permutation_perm_card_0002.log
conjure/permutation/perm_card_0003,timeout,False,0,601.27,3388.1,600,False,,ok,,pass,all configured uniform portfolios agree with Conjure,92,fixture exceeded 600 seconds; unsupported semantics not established,target/sat-coverage-survey/logs/0064-conjure_permutation_perm_card_0003.log
conjure/permutation/perm_eq_0001,pass,True,1,0.93,3.2,600,False,,ok,,,,129,all configured uniform portfolios agree with Conjure,target/sat-coverage-survey/logs/0515-conjure_permutation_perm_eq_0001.log
conjure/permutation/perm_eq_0002,pass,True,1,0.934,3.6,600,False,,ok,,,,129,all configured uniform portfolios agree with Conjure,target/sat-coverage-survey/logs/0516-conjure_permutation_perm_eq_0002.log
conjure/permutation/perm_eq_0003,pass,True,1,1.55,1.0,600,False,,ok,,,,128,all configured uniform portfolios agree with Conjure,target/sat-coverage-survey/logs/0512-conjure_permutation_perm_eq_0003.log
conjure/permutation/perm_eq_0004,pass,True,1,1.346,3.9,600,False,,ok,,,,128,all configured uniform portfolios agree with Conjure,target/sat-coverage-survey/logs/0513-conjure_permutation_perm_eq_0004.log
conjure/permutation/perm_eq_0005,sat_loading_or_encoding,False,0,83.699,1452.8,600,False,,ok,,sat_loading_or_encoding,"Error: Custom { kind: Other, error: ""test_dir=tests/integration/conjure/permutation/perm_eq_0005, model=input.essence, parser=tree-sitter, rewriter=optimised, comprehension_expander=auto, heuristic=c, seed=0, channelling=uniform, solver=sat, solver_seed=0: model invalid: Non-Boolean SAT reference: q"" }",90,"Error: Custom { kind: Other, error: ""test_dir=tests/integration/conjure/permutation/perm_eq_0005, model=input.essence, parser=tree-sitter, rewriter=optimised, comprehension_expander=auto, heuristic=x, seed=0, channelling=uniform, solver=sat, solver_seed=0: model invalid: Non-Boolean SAT reference: q"" }",target/sat-coverage-survey/logs/0061-conjure_permutation_perm_eq_0005.log
conjure/permutation/perm_eq_0007,pass,True,1,0.936,3.7,600,False,,ok,,,,112,all configured uniform portfolios agree with Conjure,target/sat-coverage-survey/logs/0485-conjure_permutation_perm_eq_0007.log
conjure/permutation/perm_eq_extra,pass,True,1,0.941,4.0,600,False,,ok,,,,112,all configured uniform portfolios agree with Conjure,target/sat-coverage-survey/logs/0486-conjure_permutation_perm_eq_extra.log
conjure/permutation/perm_image_0001_p1,pass,True,65,1.142,3.5,600,False,,ok,,,,110,all configured uniform portfolios agree with Conjure,target/sat-coverage-survey/logs/0479-conjure_permutation_perm_image_0001_p1.log
conjure/permutation/perm_image_0001_p2,pass,True,65,1.141,4.0,600,False,,ok,,,,110,all configured uniform portfolios agree with Conjure,target/sat-coverage-survey/logs/0480-conjure_permutation_perm_image_0001_p2.log
conjure/permutation/perm_image_0002,pass,True,65,1.354,4.0,600,False,,ok,,,,104,all configured uniform portfolios agree with Conjure,target/sat-coverage-survey/logs/0461-conjure_permutation_perm_image_0002.log
conjure/permutation/perm_image_0003,pass,True,65,1.147,4.0,600,False,,ok,,,,104,all configured uniform portfolios agree with Conjure,target/sat-coverage-survey/logs/0462-conjure_permutation_perm_image_0003.log
conjure/permutation/perm_image_0006,pass,True,65,1.353,3.0,600,False,,ok,,,,109,all configured uniform portfolios agree with Conjure,target/sat-coverage-survey/logs/0477-conjure_permutation_perm_image_0006.log
conjure/permutation/perm_inverse_0005,timeout,False,4,601.158,3165.9,600,False,,ok,,pass,all configured uniform portfolios agree with Conjure,93,fixture exceeded 600 seconds; unsupported semantics not established,target/sat-coverage-survey/logs/0068-conjure_permutation_perm_inverse_0005.log
conjure/permutation/perm_repr_0001,pass,True,1,1.161,4.0,600,False,,ok,,,,71,all configured uniform portfolios agree with Conjure,target/sat-coverage-survey/logs/0361-conjure_permutation_perm_repr_0001.log
conjure/permutation/perm_repr_0002,pass,True,1,0.936,3.9,600,False,,ok,,,,67,all configured uniform portfolios agree with Conjure,target/sat-coverage-survey/logs/0348-conjure_permutation_perm_repr_0002.log
conjure/permutation/perm_repr_0003,pass,True,1,0.934,4.0,600,False,,ok,,,,67,all configured uniform portfolios agree with Conjure,target/sat-coverage-survey/logs/0349-conjure_permutation_perm_repr_0003.log
conjure/permutation/perm_repr_0004,pass,True,1,0.939,3.7,600,False,,ok,,,,67,all configured uniform portfolios agree with Conjure,target/sat-coverage-survey/logs/0350-conjure_permutation_perm_repr_0004.log
conjure/permutation/perm_repr_0006,timeout,False,35,601.232,2409.1,600,False,,ok,,pass,all configured uniform portfolios agree with Conjure,79,fixture exceeded 600 seconds; unsupported semantics not established,target/sat-coverage-survey/logs/0030-conjure_permutation_perm_repr_0006.log
conjure/permutation/perm_repr_0008,timeout,False,35,601.237,3247.8,600,False,,ok,,pass,all configured uniform portfolios agree with Conjure,66,fixture exceeded 600 seconds; unsupported semantics not established,target/sat-coverage-survey/logs/0008-conjure_permutation_perm_repr_0008.log
conjure/permutation/perm_repr_0009,pass,True,1,1.165,4.0,600,False,,ok,,,,54,all configured uniform portfolios agree with Conjure,target/sat-coverage-survey/logs/0292-conjure_permutation_perm_repr_0009.log
conjure/permutation/perm_repr_0010,timeout,False,127,601.185,950.1,600,False,,ok,,pass,all configured uniform portfolios agree with Conjure,82,fixture exceeded 600 seconds; unsupported semantics not established,target/sat-coverage-survey/logs/0040-conjure_permutation_perm_repr_0010.log
conjure/permutation/perm_repr_0011,timeout,False,127,601.091,2556.2,600,False,,ok,,pass,all configured uniform portfolios agree with Conjure,82,fixture exceeded 600 seconds; unsupported semantics not established,target/sat-coverage-survey/logs/0041-conjure_permutation_perm_repr_0011.log
conjure/permutation/perm_repr_0012,timeout,False,26,601.227,1660.0,600,False,,ok,,pass,all configured uniform portfolios agree with Conjure,97,fixture exceeded 600 seconds; unsupported semantics not established,target/sat-coverage-survey/logs/0072-conjure_permutation_perm_repr_0012.log
conjure/permutation/permutation_as_function_smoke,timeout,False,50,601.117,959.2,600,False,,ok,,pass,all configured uniform portfolios agree with Conjure,119,fixture exceeded 600 seconds; unsupported semantics not established,target/sat-coverage-survey/logs/0092-conjure_permutation_permutation_as_function_smoke.log
conjure/primitive/bool_is_false,pass,True,1,0.948,4.0,600,False,,ok,,,,56,all configured uniform portfolios agree with Conjure,target/sat-coverage-survey/logs/0303-conjure_primitive_bool_is_false.log
conjure/primitive/bool_is_free,pass,True,1,1.154,3.7,600,False,,ok,,,,36,all configured uniform portfolios agree with Conjure,target/sat-coverage-survey/logs/0254-conjure_primitive_bool_is_free.log
conjure/primitive/bool_is_free_pfalse,pass,True,1,1.157,4.0,600,False,,ok,,,,51,all configured uniform portfolios agree with Conjure,target/sat-coverage-survey/logs/0289-conjure_primitive_bool_is_free_pfalse.log
conjure/primitive/bool_is_free_ptrue,pass,True,1,1.159,4.0,600,False,,ok,,,,51,all configured uniform portfolios agree with Conjure,target/sat-coverage-survey/logs/0290-conjure_primitive_bool_is_free_ptrue.log
conjure/primitive/bool_is_param_false,pass,True,1,0.937,3.9,600,False,,ok,,,,67,all configured uniform portfolios agree with Conjure,target/sat-coverage-survey/logs/0351-conjure_primitive_bool_is_param_false.log
conjure/primitive/bool_is_param_true,pass,True,1,0.936,4.0,600,False,,ok,,,,67,all configured uniform portfolios agree with Conjure,target/sat-coverage-survey/logs/0352-conjure_primitive_bool_is_param_true.log
conjure/primitive/int_is_fixed,pass,True,65,1.166,4.7,600,False,,ok,,,,57,all configured uniform portfolios agree with Conjure,target/sat-coverage-survey/logs/0306-conjure_primitive_int_is_fixed.log
conjure/primitive/int_is_free,pass,True,25,0.937,4.0,600,False,,ok,,,,41,all configured uniform portfolios agree with Conjure,target/sat-coverage-survey/logs/0260-conjure_primitive_int_is_free.log
conjure/primitive/int_is_param_2,pass,True,65,1.355,4.0,600,False,,ok,,,,77,all configured uniform portfolios agree with Conjure,target/sat-coverage-survey/logs/0388-conjure_primitive_int_is_param_2.log
conjure/primitive/int_is_param_3,pass,True,65,1.57,3.9,600,False,,ok,,,,77,all configured uniform portfolios agree with Conjure,target/sat-coverage-survey/logs/0389-conjure_primitive_int_is_param_3.log
conjure/primitive/int_param_domain_01,pass,True,65,1.143,4.0,600,False,,ok,,,,75,all configured uniform portfolios agree with Conjure,target/sat-coverage-survey/logs/0379-conjure_primitive_int_param_domain_01.log
conjure/primitive/int_param_domain_02,pass,True,65,1.136,3.8,600,False,,ok,,,,147,all configured uniform portfolios agree with Conjure,target/sat-coverage-survey/logs/0536-conjure_primitive_int_param_domain_02.log
conjure/primitive/int_param_domain_03,pass,True,65,1.141,2.6,600,False,,ok,,,,117,all configured uniform portfolios agree with Conjure,target/sat-coverage-survey/logs/0497-conjure_primitive_int_param_domain_03.log
conjure/primitive/int_param_domain_04,pass,False,65,1.343,3.8,600,False,,ok,,,,89,all configured uniform portfolios agree with Conjure,target/sat-coverage-survey/logs/0057-conjure_primitive_int_param_domain_04.log
conjure/record/record00,pass,False,130,2.394,3.8,600,False,,ok,,,,212,all configured uniform portfolios agree with Conjure,target/sat-coverage-survey/logs/0139-conjure_record_record00.log
conjure/record/record01,pass,False,197,20.148,363.1,600,False,,ok,,,,141,all configured uniform portfolios agree with Conjure,target/sat-coverage-survey/logs/0117-conjure_record_record01.log
conjure/relation/binrel01,memory_limit,False,181,117.057,5835.3,600,False,,ok,,pass,all configured uniform portfolios agree with Conjure,92,fixture exceeded 4 GiB RSS; unsupported semantics not established,target/sat-coverage-survey/logs/0065-conjure_relation_binrel01.log
conjure/relation/binrel02,timeout,False,178,601.141,2986.4,600,False,,ok,,pass,all configured uniform portfolios agree with Conjure,81,fixture exceeded 600 seconds; unsupported semantics not established,target/sat-coverage-survey/logs/0036-conjure_relation_binrel02.log
conjure/relation/binrel03,timeout,False,177,601.171,2618.6,600,False,,ok,,pass,all configured uniform portfolios agree with Conjure,82,fixture exceeded 600 seconds; unsupported semantics not established,target/sat-coverage-survey/logs/0042-conjure_relation_binrel03.log
conjure/relation/binrel04,memory_limit,False,181,392.029,4871.5,600,False,,ok,,pass,all configured uniform portfolios agree with Conjure,98,fixture exceeded 4 GiB RSS; unsupported semantics not established,target/sat-coverage-survey/logs/0075-conjure_relation_binrel04.log
conjure/relation/finiteGivens_relation01,pass,True,65,1.55,3.9,600,False,,ok,,,,107,all configured uniform portfolios agree with Conjure,target/sat-coverage-survey/logs/0471-conjure_relation_finiteGivens_relation01.log
conjure/relation/reflexive_rel,pass,False,264,11.695,147.6,600,False,,ok,,,,90,all configured uniform portfolios agree with Conjure,target/sat-coverage-survey/logs/0062-conjure_relation_reflexive_rel.log
conjure/relation/relation01,pass,False,264,7.683,91.4,600,False,,ok,,,,62,all configured uniform portfolios agree with Conjure,target/sat-coverage-survey/logs/0005-conjure_relation_relation01.log
conjure/relation/relation02,pass,False,264,23.485,318.6,600,False,,ok,,,,119,all configured uniform portfolios agree with Conjure,target/sat-coverage-survey/logs/0093-conjure_relation_relation02.log
conjure/relation/relation03_2,pass,False,264,35.074,425.7,600,False,,ok,,,,105,all configured uniform portfolios agree with Conjure,target/sat-coverage-survey/logs/0082-conjure_relation_relation03_2.log
conjure/relation/relation04_find,memory_limit,False,45,547.354,4549.4,600,False,,ok,,pass,all configured uniform portfolios agree with Conjure,125,fixture exceeded 4 GiB RSS; unsupported semantics not established,target/sat-coverage-survey/logs/0101-conjure_relation_relation04_find.log
conjure/relation/relation04_param,memory_limit,False,2,116.95,4151.1,600,False,,ok,,pass,all configured uniform portfolios agree with Conjure,169,fixture exceeded 4 GiB RSS; unsupported semantics not established,target/sat-coverage-survey/logs/0124-conjure_relation_relation04_param.log
conjure/relation/relation05_set_fixed_direct,pass,False,197,33.621,285.2,600,False,,ok,,,,92,all configured uniform portfolios agree with Conjure,target/sat-coverage-survey/logs/0066-conjure_relation_relation05_set_fixed_direct.log
conjure/relation/relation05_set_fixed_setty,pass,False,132,17.072,231.8,600,False,,ok,,,,87,all configured uniform portfolios agree with Conjure,target/sat-coverage-survey/logs/0055-conjure_relation_relation05_set_fixed_setty.log
conjure/relation/relation06_set_bounded_direct,pass,False,197,35.483,356.0,600,False,,ok,,,,106,all configured uniform portfolios agree with Conjure,target/sat-coverage-survey/logs/0084-conjure_relation_relation06_set_bounded_direct.log
conjure/relation/relation06_set_bounded_setty,pass,False,132,19.538,300.7,600,False,,ok,,,,101,all configured uniform portfolios agree with Conjure,target/sat-coverage-survey/logs/0079-conjure_relation_relation06_set_bounded_setty.log
conjure/relation/relation07_connex,timeout,False,23,601.169,844.1,600,False,,ok,,pass,all configured uniform portfolios agree with Conjure,114,fixture exceeded 600 seconds; unsupported semantics not established,target/sat-coverage-survey/logs/0088-conjure_relation_relation07_connex.log
conjure/sequence/sequence01,pass,True,50,1.978,2.1,600,False,,ok,,,,62,all configured uniform portfolios agree with Conjure,target/sat-coverage-survey/logs/0326-conjure_sequence_sequence01.log
conjure/sequence/sequence02,pass,True,90,1.976,2.1,600,False,,ok,,,,65,all configured uniform portfolios agree with Conjure,target/sat-coverage-survey/logs/0340-conjure_sequence_sequence02.log
conjure/sequence/sequence03,pass,True,90,1.966,4.0,600,False,,ok,,,,76,all configured uniform portfolios agree with Conjure,target/sat-coverage-survey/logs/0385-conjure_sequence_sequence03.log
conjure/sequence/sequence04,pass,False,130,53.821,462.5,600,False,,ok,,,,191,all configured uniform portfolios agree with Conjure,target/sat-coverage-survey/logs/0129-conjure_sequence_sequence04.log
conjure/sequence/sequence05,pass,False,130,68.172,566.6,600,False,,ok,,,,196,all configured uniform portfolios agree with Conjure,target/sat-coverage-survey/logs/0130-conjure_sequence_sequence05.log
conjure/sequence/sequence_bijective,pass,False,285,8.123,110.2,600,False,,ok,,,,73,all configured uniform portfolios agree with Conjure,target/sat-coverage-survey/logs/0016-conjure_sequence_sequence_bijective.log
conjure/sequence/sequence_empty_01,pass,True,1,0.942,1.4,600,False,,ok,,,,64,all configured uniform portfolios agree with Conjure,target/sat-coverage-survey/logs/0334-conjure_sequence_sequence_empty_01.log
conjure/sequence/sequence_empty_02,pass,True,130,2.805,73.7,600,False,,ok,,,,90,all configured uniform portfolios agree with Conjure,target/sat-coverage-survey/logs/0425-conjure_sequence_sequence_empty_02.log
conjure/sequence/sequence_empty_03,pass,True,130,2.573,4.0,600,False,,ok,,,,131,all configured uniform portfolios agree with Conjure,target/sat-coverage-survey/logs/0517-conjure_sequence_sequence_empty_03.log
conjure/sequence/sequence_empty_04,pass,True,130,3.012,68.7,600,False,,ok,,,,105,all configured uniform portfolios agree with Conjure,target/sat-coverage-survey/logs/0466-conjure_sequence_sequence_empty_04.log
conjure/sequence/sequence_injective_fixed,pass,False,175,1.986,4.0,600,False,,ok,,,,73,all configured uniform portfolios agree with Conjure,target/sat-coverage-survey/logs/0017-conjure_sequence_sequence_injective_fixed.log
conjure/sequence/sequence_injective_variable,pass,False,130,3.07,45.7,600,False,,ok,,,,76,all configured uniform portfolios agree with Conjure,target/sat-coverage-survey/logs/0024-conjure_sequence_sequence_injective_variable.log
conjure/sequence/sequence_subseq_dups,pass,False,130,11.496,205.3,600,False,,ok,,,,120,all configured uniform portfolios agree with Conjure,target/sat-coverage-survey/logs/0094-conjure_sequence_sequence_subseq_dups.log
conjure/sequence/sequence_subseq_nodups,pass,False,130,11.493,183.7,600,False,,ok,,,,120,all configured uniform portfolios agree with Conjure,target/sat-coverage-survey/logs/0095-conjure_sequence_sequence_subseq_nodups.log
conjure/sequence/sequence_substr,pass,False,130,6.103,69.6,600,False,,ok,,,,118,all configured uniform portfolios agree with Conjure,target/sat-coverage-survey/logs/0090-conjure_sequence_sequence_substr.log
conjure/sequence/sequence_surjective,pass,False,195,3.285,42.5,600,False,,ok,,,,74,all configured uniform portfolios agree with Conjure,target/sat-coverage-survey/logs/0021-conjure_sequence_sequence_surjective.log
conjure/set/cut_01_off,pass,True,132,3.273,50.3,600,False,,ok,,,,48,all configured uniform portfolios agree with Conjure,target/sat-coverage-survey/logs/0285-conjure_set_cut_01_off.log
conjure/set/finiteGivens_set01,pass,True,65,3.004,115.4,600,False,,ok,,,,128,all configured uniform portfolios agree with Conjure,target/sat-coverage-survey/logs/0514-conjure_set_finiteGivens_set01.log
conjure/set/finiteGivens_set02,pass,True,25,1.43,1.1,600,False,,ok,,,,61,all configured uniform portfolios agree with Conjure,target/sat-coverage-survey/logs/0325-conjure_set_finiteGivens_set02.log
conjure/set/finiteGivens_set03,pass,False,110,19.773,692.5,600,False,,ok,,,,208,all configured uniform portfolios agree with Conjure,target/sat-coverage-survey/logs/0135-conjure_set_finiteGivens_set03.log
conjure/set/finiteGivens_set04_p1,pass,True,65,68.802,2271.6,600,False,,ok,,,,115,all configured uniform portfolios agree with Conjure,target/sat-coverage-survey/logs/0492-conjure_set_finiteGivens_set04_p1.log
conjure/set/finiteGivens_set04_p2,pass,True,65,67.517,3179.0,600,False,,ok,,,,115,all configured uniform portfolios agree with Conjure,target/sat-coverage-survey/logs/0493-conjure_set_finiteGivens_set04_p2.log
conjure/set/finiteGivens_set05_p1,pass,False,260,4.025,39.4,600,False,,ok,,,,136,all configured uniform portfolios agree with Conjure,target/sat-coverage-survey/logs/0107-conjure_set_finiteGivens_set05_p1.log
conjure/set/finiteGivens_set05_p2,solution_mismatch,False,45,1.554,4.1,600,False,,ok,,solution_mismatch,assertion failed: `(left == right)`: Oxide solutions (<) do not match Conjure solutions (>)!,136,assertion failed: `(left == right)`: Oxide solutions (<) do not match Conjure solutions (>)!,target/sat-coverage-survey/logs/0108-conjure_set_finiteGivens_set05_p2.log
conjure/set/finiteGivens_set_of_record,pass,True,65,1.554,4.0,600,False,,ok,,,,219,all configured uniform portfolios agree with Conjure,target/sat-coverage-survey/logs/0584-conjure_set_finiteGivens_set_of_record.log
conjure/set/finiteGivens_set_of_tuple,pass,True,65,1.55,3.9,600,False,,ok,,,,204,all configured uniform portfolios agree with Conjure,target/sat-coverage-survey/logs/0581-conjure_set_finiteGivens_set_of_tuple.log
conjure/set/set01_1,pass,True,132,2.209,4.0,600,False,,ok,,,,57,all configured uniform portfolios agree with Conjure,target/sat-coverage-survey/logs/0307-conjure_set_set01_1.log
conjure/set/set01_2,pass,False,132,3.0,48.6,600,False,,ok,,,,97,all configured uniform portfolios agree with Conjure,target/sat-coverage-survey/logs/0073-conjure_set_set01_2.log
conjure/set/set01_3,pass,False,132,3.002,46.0,600,False,,ok,,,,127,all configured uniform portfolios agree with Conjure,target/sat-coverage-survey/logs/0103-conjure_set_set01_3.log
conjure/set/set02,pass,False,132,2.422,3.8,600,False,,ok,,,,74,all configured uniform portfolios agree with Conjure,target/sat-coverage-survey/logs/0022-conjure_set_set02.log
conjure/set/set03,pass,False,132,2.211,3.9,600,False,,ok,,,,77,all configured uniform portfolios agree with Conjure,target/sat-coverage-survey/logs/0027-conjure_set_set03.log
conjure/set/set04,pass,False,132,3.831,51.2,600,False,,ok,,,,85,all configured uniform portfolios agree with Conjure,target/sat-coverage-survey/logs/0051-conjure_set_set04.log
conjure/set/set05,pass,False,132,5.281,98.2,600,False,,ok,,,,85,all configured uniform portfolios agree with Conjure,target/sat-coverage-survey/logs/0052-conjure_set_set05.log
conjure/set/set06,pass,False,132,6.716,98.6,600,False,,ok,,,,93,all configured uniform portfolios agree with Conjure,target/sat-coverage-survey/logs/0069-conjure_set_set06.log
conjure/set/set07,pass,False,132,24.697,328.1,600,False,,ok,,,,138,all configured uniform portfolios agree with Conjure,target/sat-coverage-survey/logs/0111-conjure_set_set07.log
conjure/set/set08,memory_limit,False,132,81.725,4451.2,600,False,,ok,,pass,all configured uniform portfolios agree with Conjure,120,fixture exceeded 4 GiB RSS; unsupported semantics not established,target/sat-coverage-survey/logs/0096-conjure_set_set08.log
conjure/set/set09,pass,False,132,27.644,359.9,600,False,,ok,,,,137,all configured uniform portfolios agree with Conjure,target/sat-coverage-survey/logs/0109-conjure_set_set09.log
conjure/set/setOfSet01,pass,True,132,7.294,162.1,600,False,,ok,,,,55,all configured uniform portfolios agree with Conjure,target/sat-coverage-survey/logs/0296-conjure_set_setOfSet01.log
conjure/set/setOfSet02,pass,False,132,5.087,62.3,600,False,,ok,,,,96,all configured uniform portfolios agree with Conjure,target/sat-coverage-survey/logs/0070-conjure_set_setOfSet02.log
conjure/set/setOfSet03,pass,False,132,3.27,49.8,600,False,,ok,,,,73,all configured uniform portfolios agree with Conjure,target/sat-coverage-survey/logs/0018-conjure_set_setOfSet03.log
conjure/set/setOfSet04,pass,False,132,3.909,34.2,600,False,,ok,,,,217,all configured uniform portfolios agree with Conjure,target/sat-coverage-survey/logs/0141-conjure_set_setOfSet04.log
conjure/set/set_card_00,solution_mismatch,False,65,1.163,4.0,600,False,,ok,,solution_mismatch,assertion failed: `(left == right)`: Oxide solutions (<) do not match Conjure solutions (>)!,67,assertion failed: `(left == right)`: Oxide solutions (<) do not match Conjure solutions (>)!,target/sat-coverage-survey/logs/0009-conjure_set_set_card_00.log
conjure/set/set_card_01,pass,False,132,1.781,4.0,600,False,,ok,,,,76,all configured uniform portfolios agree with Conjure,target/sat-coverage-survey/logs/0025-conjure_set_set_card_01.log
conjure/set/set_card_02,pass,False,132,1.758,3.9,600,False,,ok,,,,76,all configured uniform portfolios agree with Conjure,target/sat-coverage-survey/logs/0026-conjure_set_set_card_02.log
conjure/set/set_subseteq_constant_smoke,pass,False,180,10.417,172.4,600,False,,ok,,,,75,all configured uniform portfolios agree with Conjure,target/sat-coverage-survey/logs/0023-conjure_set_set_subseteq_constant_smoke.log
conjure/tuple/matrix_of_tuple_eq,pass,True,130,3.813,137.0,600,False,,ok,,,,707,all configured uniform portfolios agree with Conjure,target/sat-coverage-survey/logs/0655-conjure_tuple_matrix_of_tuple_eq.log
conjure/tuple/tuple01_bool_int,pass,False,195,4.02,23.3,600,False,,ok,,,,82,all configured uniform portfolios agree with Conjure,target/sat-coverage-survey/logs/0043-conjure_tuple_tuple01_bool_int.log
conjure/tuple/tuple02_nested,pass,False,195,6.31,48.5,600,False,,ok,,,,166,all configured uniform portfolios agree with Conjure,target/sat-coverage-survey/logs/0122-conjure_tuple_tuple02_nested.log
conjure/tuple/tuple03_literal,pass,True,65,1.142,4.0,600,False,,ok,,,,69,all configured uniform portfolios agree with Conjure,target/sat-coverage-survey/logs/0358-conjure_tuple_tuple03_literal.log
conjure/tuple/tuple_packed_nested_tuple_smoke,pass,False,195,2.172,3.9,600,False,,ok,,,,105,all configured uniform portfolios agree with Conjure,target/sat-coverage-survey/logs/0083-conjure_tuple_tuple_packed_nested_tuple_smoke.log
conjure/variant/finiteGivens_set_of_variant_p1,pass,True,65,2.366,4.0,600,False,,ok,,,,281,all configured uniform portfolios agree with Conjure,target/sat-coverage-survey/logs/0609-conjure_variant_finiteGivens_set_of_variant_p1.log
conjure/variant/finiteGivens_set_of_variant_p2,pass,True,65,2.369,3.9,600,False,,ok,,,,281,all configured uniform portfolios agree with Conjure,target/sat-coverage-survey/logs/0610-conjure_variant_finiteGivens_set_of_variant_p2.log
conjure/variant/finiteGivens_set_of_variant_p3,pass,True,65,2.364,2.1,600,False,,ok,,,,281,all configured uniform portfolios agree with Conjure,target/sat-coverage-survey/logs/0611-conjure_variant_finiteGivens_set_of_variant_p3.log
conjure/variant/finiteGivens_set_of_variant_p4,pass,True,65,2.371,2.3,600,False,,ok,,,,281,all configured uniform portfolios agree with Conjure,target/sat-coverage-survey/logs/0612-conjure_variant_finiteGivens_set_of_variant_p4.log
conjure/variant/variant00,pass,True,130,3.207,31.5,600,False,,ok,,,,341,all configured uniform portfolios agree with Conjure,target/sat-coverage-survey/logs/0630-conjure_variant_variant00.log
conjure/variant/variant01,pass,False,197,6.51,72.4,600,False,,ok,,,,85,all configured uniform portfolios agree with Conjure,target/sat-coverage-survey/logs/0053-conjure_variant_variant01.log
conjure/variant/variant02,pass,True,130,1.351,4.0,600,False,,ok,,,,160,all configured uniform portfolios agree with Conjure,target/sat-coverage-survey/logs/0547-conjure_variant_variant02.log
dominance/int_pareto_01,pass,True,65,0.933,3.9,600,False,Conjure does not support CDP,not completed,,,,219,solution check without Conjure reference: Conjure does not support CDP,target/sat-coverage-survey/logs/0585-dominance_int_pareto_01.log
dominance/int_pareto_direction_01,pass,True,65,0.94,4.0,600,False,Conjure does not support CDP,not completed,,,,123,solution check without Conjure reference: Conjure does not support CDP,target/sat-coverage-survey/logs/0505-dominance_int_pareto_direction_01.log
dominance/int_pareto_list_01,pass,True,65,0.734,1.0,600,False,Conjure does not support CDP,not completed,,,,127,solution check without Conjure reference: Conjure does not support CDP,target/sat-coverage-survey/logs/0510-dominance_int_pareto_list_01.log
dominance/rfc_example,memory_limit,False,110,79.586,4377.3,600,False,Conjure does not support CDP,not completed,,pass,solution check without Conjure reference: Conjure does not support CDP,801,fixture exceeded 4 GiB RSS; unsupported semantics not established,target/sat-coverage-survey/logs/0184-dominance_rfc_example.log
dominance/rfc_example_future,memory_limit,False,110,116.181,4848.0,600,False,Conjure does not support CDP,not completed,,pass,solution check without Conjure reference: Conjure does not support CDP,679,fixture exceeded 4 GiB RSS; unsupported semantics not established,target/sat-coverage-survey/logs/0179-dominance_rfc_example_future.log
dominance/sat_pareto_01,pass,True,1,0.735,4.0,600,False,Conjure does not support CDP,not completed,,,,191,solution check without Conjure reference: Conjure does not support CDP,target/sat-coverage-survey/logs/0571-dominance_sat_pareto_01.log
dominance/sat_pareto_02,pass,True,1,0.732,3.7,600,False,Conjure does not support CDP,not completed,,,,299,solution check without Conjure reference: Conjure does not support CDP,target/sat-coverage-survey/logs/0617-dominance_sat_pareto_02.log
dominance/sat_pareto_03,pass,True,1,0.734,4.0,600,False,Conjure does not support CDP,not completed,,,,739,solution check without Conjure reference: Conjure does not support CDP,target/sat-coverage-survey/logs/0656-dominance_sat_pareto_03.log
dominance/subset_pareto_01,pass,True,1,0.729,3.0,600,False,Conjure does not support CDP,not completed,,,,647,solution check without Conjure reference: Conjure does not support CDP,target/sat-coverage-survey/logs/0654-dominance_subset_pareto_01.log
dominance/subset_pareto_01_future,pass,False,130,6.694,28.7,600,False,Conjure does not support CDP,not completed,,,,640,solution check without Conjure reference: Conjure does not support CDP,target/sat-coverage-survey/logs/0177-dominance_subset_pareto_01_future.log
eprime-minion/bool/literals-to-wlit-1,pass,True,1,0.933,3.8,600,False,,ok,,,,219,all configured uniform portfolios agree with Conjure,target/sat-coverage-survey/logs/0586-eprime-minion_bool_literals-to-wlit-1.log
eprime-minion/nqueens-4,residual_constraints,False,0,1.144,4.0,600,False,,ok,,residual_constraints,"Un-encoded constraints in the model: [allDifferent([SATInt(Offset, [row#components_1#int_offset_1,row#components_1#int_offset_2,row#components_1#int_offset_3;int(1..)] [0, 7]),SATInt(Offset, [row#components_2#int_offset_1,row#components_2#int_offset_2,row#components_2#int_offset_3;int(1..)] [0, 7]),SATInt(Offset, [row#components_3#int_offset_1,row#components_3#int_offset_2,row#components_3#int_offset_3;int(1..)] [0, 7]),SATInt(Offset, [row#components_4#int_offset_1,row#components_4#int_offset_2,row#components_4#int_offset_3;int(1..)] [0, 7]),SATInt(Offset, [row#components_5#int_offset_1,row#components_5#int_offset_2,row#components_5#int_offset_3;int(1..)] [0, 7]),SATInt(Offset, [row#components_6#int_offset_1,row#components_6#int_offset_2,row#components_6#int_offset_3;int(1..)] [0, 7]),SATInt(Offset, [row#components_7#int_offset_1,row#components_7#int_offset_2,row#components_7#int_offset_3;int(1..)] [0, 7]),SATInt(Offset, [row#components_8#int_offset_1,row#components_8#int_offset_2,row#components_8#int_offset_3;int(1..)] [0, 7]);int(0..7)]), allDifferent([SATInt(Offset, [majorDiagonal#components_1#int_offset_1,majorDiagonal#components_1#int_offset_2,majorDiagonal#components_1#int_offset_3;int(1..)] [0, 6]),SATInt(Offset, [majorDiagonal#components_2#int_offset_1,majorDiagonal#components_2#int_offset_2,majorDiagonal#components_2#int_offset_3;int(1..)] [0, 6]),SATInt(Offset, [majorDiagonal#components_3#int_offset_1,majorDiagonal#components_3#int_offset_2,majorDiagonal#components_3#int_offset_3;int(1..)] [0, 6]),SATInt(Offset, [majorDiagonal#components_4#int_offset_1,majorDiagonal#components_4#int_offset_2,majorDiagonal#components_4#int_offset_3;int(1..)] [0, 6]);int(0..3)]), allDifferent([SATInt(Offset, [minorDiagonal#components_1#int_offset_1,minorDiagonal#components_1#int",1117,"Un-encoded constraints in the model: [allDifferent([SATInt(Direct, [row#components_1#int_direct_1,row#components_1#int_direct_2,row#components_1#int_direct_3,row#components_1#int_direct_4,row#components_1#int_direct_5,row#components_1#int_direct_6,row#components_1#int_direct_7,row#components_1#int_direct_8;int(1..)] [0, 7]),SATInt(Direct, [row#components_2#int_direct_1,row#components_2#int_direct_2,row#components_2#int_direct_3,row#components_2#int_direct_4,row#components_2#int_direct_5,row#components_2#int_direct_6,row#components_2#int_direct_7,row#components_2#int_direct_8;int(1..)] [0, 7]),SATInt(Direct, [row#components_3#int_direct_1,row#components_3#int_direct_2,row#components_3#int_direct_3,row#components_3#int_direct_4,row#components_3#int_direct_5,row#components_3#int_direct_6,row#components_3#int_direct_7,row#components_3#int_direct_8;int(1..)] [0, 7]),SATInt(Direct, [row#components_4#int_direct_1,row#components_4#int_direct_2,row#components_4#int_direct_3,row#components_4#int_direct_4,row#components_4#int_direct_5,row#components_4#int_direct_6,row#components_4#int_direct_7,row#components_4#int_direct_8;int(1..)] [0, 7]),SATInt(Direct, [row#components_5#int_direct_1,row#components_5#int_direct_2,row#components_5#int_direct_3,row#components_5#int_direct_4,row#components_5#int_direct_5,row#components_5#int_direct_6,row#components_5#int_direct_7,row#components_5#int_direct_8;int(1..)] [0, 7]),SATInt(Direct, [row#components_6#int_direct_1,row#components_6#int_direct_2,row#components_6#int_direct_3,row#components_6#int_direct_4,row#components_6#int_direct_5,row#components_6#int_direct_6,row#components_6#int_direct_7,row#components_6#int_direct_8;int(1..)] [0, 7]),SATInt(Direct, [row#components_7#int_direct_1,row#components_7#int_direct_2,row#components_7#int_direct_",target/sat-coverage-survey/logs/0194-eprime-minion_nqueens-4.log
eprime-minion/partial-eval-01-add,pass,True,65,1.558,3.9,600,False,,ok,,,,78,all configured uniform portfolios agree with Conjure,target/sat-coverage-survey/logs/0392-eprime-minion_partial-eval-01-add.log
eprime-minion/partial-eval-02-or-and,pass,True,1,0.938,3.0,600,False,,ok,,,,159,all configured uniform portfolios agree with Conjure,target/sat-coverage-survey/logs/0546-eprime-minion_partial-eval-02-or-and.log
eprime-minion/partial-eval-03,pass,False,110,25.698,327.8,600,False,,ok,,,,243,all configured uniform portfolios agree with Conjure,target/sat-coverage-survey/logs/0150-eprime-minion_partial-eval-03.log
eprime-minion/xyz,pass,True,65,1.145,3.7,600,False,,ok,,,,86,all configured uniform portfolios agree with Conjure,target/sat-coverage-survey/logs/0416-eprime-minion_xyz.log
hakank-eprime/quasigroup-completion/01,pass,False,110,4.462,34.1,600,False,,ok,,,,609,all configured uniform portfolios agree with Conjure,target/sat-coverage-survey/logs/0176-hakank-eprime_quasigroup-completion_01.log
hakank-eprime/quasigroup-completion/02,pass,False,110,4.445,33.2,600,False,,ok,,,,592,all configured uniform portfolios agree with Conjure,target/sat-coverage-survey/logs/0175-hakank-eprime_quasigroup-completion_02.log
hakank-eprime/schur-small,pass,True,65,1.342,3.9,600,False,,ok,,,,395,all configured uniform portfolios agree with Conjure,target/sat-coverage-survey/logs/0637-hakank-eprime_schur-small.log
hakank-eprime/xkcd,memory_limit,False,0,19.773,4367.3,600,False,,ok,,pass,all configured uniform portfolios agree with Conjure,225,fixture exceeded 4 GiB RSS; unsupported semantics not established,target/sat-coverage-survey/logs/0144-hakank-eprime_xkcd.log
mildly-interesting/gchq-2016,timeout,False,0,601.156,2793.4,600,False,,ok,,timeout,fixture exceeded 60 seconds; unsupported semantics not established,3929,fixture exceeded 600 seconds; unsupported semantics not established,target/sat-coverage-survey/logs/0229-mildly-interesting_gchq-2016.log
mildly-interesting/subset-sum,pass,False,140,15.456,286.7,600,False,,ok,,,,224,all configured uniform portfolios agree with Conjure,target/sat-coverage-survey/logs/0143-mildly-interesting_subset-sum.log
minion-constraints/diseq,pass,True,65,1.554,2.1,600,False,,ok,,,,78,all configured uniform portfolios agree with Conjure,target/sat-coverage-survey/logs/0393-minion-constraints_diseq.log
minion-constraints/div-undefzero-01-simple,pass,True,65,1.353,4.0,600,False,,ok,,,,83,all configured uniform portfolios agree with Conjure,target/sat-coverage-survey/logs/0409-minion-constraints_div-undefzero-01-simple.log
minion-constraints/div-undefzero-02-zero,pass,True,65,1.342,3.9,600,False,,ok,,,,258,all configured uniform portfolios agree with Conjure,target/sat-coverage-survey/logs/0597-minion-constraints_div-undefzero-02-zero.log
minion-constraints/div-undefzero-03-nested,pass,True,65,1.76,4.0,600,False,,ok,,,,107,all configured uniform portfolios agree with Conjure,target/sat-coverage-survey/logs/0472-minion-constraints_div-undefzero-03-nested.log
minion-constraints/div-undefzero-04-nested-neq,pass,True,65,3.825,31.0,600,False,,ok,,,,340,all configured uniform portfolios agree with Conjure,target/sat-coverage-survey/logs/0629-minion-constraints_div-undefzero-04-nested-neq.log
minion-constraints/div-undefzero-05-nested-noteq,pass,True,65,8.558,37.3,600,False,,ok,,,,362,all configured uniform portfolios agree with Conjure,target/sat-coverage-survey/logs/0634-minion-constraints_div-undefzero-05-nested-noteq.log
minion-constraints/eq,pass,True,65,1.145,4.0,600,False,,ok,,,,75,all configured uniform portfolios agree with Conjure,target/sat-coverage-survey/logs/0380-minion-constraints_eq.log
minion-constraints/ineq-01-strict-less-than,pass,True,65,1.352,3.1,600,False,,ok,,,,106,all configured uniform portfolios agree with Conjure,target/sat-coverage-survey/logs/0469-minion-constraints_ineq-01-strict-less-than.log
minion-constraints/ineq-02-leq,pass,True,65,1.143,3.9,600,False,,ok,,,,97,all configured uniform portfolios agree with Conjure,target/sat-coverage-survey/logs/0442-minion-constraints_ineq-02-leq.log
minion-constraints/ineq-03-leq-plus-k,pass,True,65,1.148,4.0,600,False,,ok,,,,109,all configured uniform portfolios agree with Conjure,target/sat-coverage-survey/logs/0478-minion-constraints_ineq-03-leq-plus-k.log
minion-constraints/ineq-04-strict-greater-than,pass,True,65,1.351,4.0,600,False,,ok,,,,105,all configured uniform portfolios agree with Conjure,target/sat-coverage-survey/logs/0467-minion-constraints_ineq-04-strict-greater-than.log
minion-constraints/ineq-05-geq-plus-k-wrong-order,pass,True,65,1.142,3.7,600,False,,ok,,,,170,all configured uniform portfolios agree with Conjure,target/sat-coverage-survey/logs/0557-minion-constraints_ineq-05-geq-plus-k-wrong-order.log
minion-constraints/ineq-06-leq-plus-k-wrong-order,pass,True,65,1.347,3.2,600,False,,ok,,,,171,all configured uniform portfolios agree with Conjure,target/sat-coverage-survey/logs/0558-minion-constraints_ineq-06-leq-plus-k-wrong-order.log
minion-constraints/modulo-undefzero-01-simple,pass,False,65,1.759,3.9,600,False,,ok,,,,83,all configured uniform portfolios agree with Conjure,target/sat-coverage-survey/logs/0044-minion-constraints_modulo-undefzero-01-simple.log
minion-constraints/modulo-undefzero-02-zero,pass,False,65,1.556,4.0,600,False,,ok,,,,261,all configured uniform portfolios agree with Conjure,target/sat-coverage-survey/logs/0151-minion-constraints_modulo-undefzero-02-zero.log
minion-constraints/modulo-undefzero-03-nested,pass,False,65,2.81,4.8,600,False,,ok,,,,106,all configured uniform portfolios agree with Conjure,target/sat-coverage-survey/logs/0085-minion-constraints_modulo-undefzero-03-nested.log
minion-constraints/modulo-undefzero-04-nested-neq,pass,False,65,5.36,32.4,600,False,,ok,,,,338,all configured uniform portfolios agree with Conjure,target/sat-coverage-survey/logs/0157-minion-constraints_modulo-undefzero-04-nested-neq.log
minion-constraints/modulo-undefzero-05-nested-noteq,pass,False,65,3.224,28.5,600,False,,ok,,,,127,all configured uniform portfolios agree with Conjure,target/sat-coverage-survey/logs/0104-minion-constraints_modulo-undefzero-05-nested-noteq.log
minion-constraints/sumgeq,pass,True,65,1.345,4.0,600,False,,ok,,,,99,all configured uniform portfolios agree with Conjure,target/sat-coverage-survey/logs/0445-minion-constraints_sumgeq.log
minion-constraints/sumleq,pass,True,65,1.143,3.8,600,False,,ok,,,,99,all configured uniform portfolios agree with Conjure,target/sat-coverage-survey/logs/0446-minion-constraints_sumleq.log
optimisations/implies-tautologies-cse,pass,False,65,9.2,95.0,600,False,,ok,,,,1389,all configured uniform portfolios agree with Conjure,target/sat-coverage-survey/logs/0201-optimisations_implies-tautologies-cse.log
pythagorean-triples,pass,True,65,4.856,2144.3,600,False,,ok,,,,446,all configured uniform portfolios agree with Conjure,target/sat-coverage-survey/logs/0643-pythagorean-triples.log
sat-ir/alldifferent,pass,True,110,2.162,4.0,600,False,,ok,,,,240,all configured uniform portfolios agree with Conjure,target/sat-coverage-survey/logs/0593-sat-ir_alldifferent.log
sat-ir/alldifferent-except,pass,True,110,2.161,4.0,600,False,,ok,,,,336,all configured uniform portfolios agree with Conjure,target/sat-coverage-survey/logs/0627-sat-ir_alldifferent-except.log
sat-ir/alldifferent-matrices,pass,True,65,3.61,128.4,600,False,Conjure/Savile Row requires a constant scalar exception; independently enumerate every assignment.,not completed,,,,511,solution check without Conjure reference: Conjure/Savile Row requires a constant scalar exception; independently enumerate every assignment.,target/sat-coverage-survey/logs/0651-sat-ir_alldifferent-matrices.log
sat-ir/alldifferent-records,pass,True,130,2.371,3.8,600,False,Conjure/Savile Row requires a constant scalar exception; independently enumerate every assignment.,not completed,,,,538,solution check without Conjure reference: Conjure/Savile Row requires a constant scalar exception; independently enumerate every assignment.,target/sat-coverage-survey/logs/0652-sat-ir_alldifferent-records.log
sat-ir/alldifferent-sequences,pass,True,195,46.371,270.8,600,False,Conjure/Savile Row requires a constant scalar exception; independently enumerate every assignment.,not completed,,,,485,solution check without Conjure reference: Conjure/Savile Row requires a constant scalar exception; independently enumerate every assignment.,target/sat-coverage-survey/logs/0648-sat-ir_alldifferent-sequences.log
sat-ir/alldifferent-sets,pass,True,132,14.76,227.3,600,False,Conjure/Savile Row requires a constant scalar exception; independently enumerate every assignment.,not completed,,,,463,solution check without Conjure reference: Conjure/Savile Row requires a constant scalar exception; independently enumerate every assignment.,target/sat-coverage-survey/logs/0646-sat-ir_alldifferent-sets.log
sat-ir/alldifferent-tuples,pass,True,130,6.5,31.4,600,False,Conjure/Savile Row requires a constant scalar exception; independently enumerate every assignment.,not completed,,,,492,solution check without Conjure reference: Conjure/Savile Row requires a constant scalar exception; independently enumerate every assignment.,target/sat-coverage-survey/logs/0650-sat-ir_alldifferent-tuples.log
sat-ir/alldifferent-unequal-tuples,pass,True,195,26.333,211.1,600,False,Conjure/Savile Row requires a constant scalar exception; independently enumerate every assignment.,not completed,,,,300,solution check without Conjure reference: Conjure/Savile Row requires a constant scalar exception; independently enumerate every assignment.,target/sat-coverage-survey/logs/0620-sat-ir_alldifferent-unequal-tuples.log
sat-ir/alldifferent-variable-except,pass,True,110,3.202,73.9,600,False,Conjure/Savile Row requires a constant scalar exception; independently enumerate every assignment.,not completed,,,,395,solution check without Conjure reference: Conjure/Savile Row requires a constant scalar exception; independently enumerate every assignment.,target/sat-coverage-survey/logs/0638-sat-ir_alldifferent-variable-except.log
sat-ir/asserted-conjunctions,pass,True,130,1.569,3.7,600,False,,ok,,,,331,all configured uniform portfolios agree with Conjure,target/sat-coverage-survey/logs/0625-sat-ir_asserted-conjunctions.log
sat-ir/boolean-products,pass,True,65,1.343,3.6,600,False,,ok,,,,308,all configured uniform portfolios agree with Conjure,target/sat-coverage-survey/logs/0621-sat-ir_boolean-products.log
sat-ir/cardinality,pass,True,2,1.141,3.8,600,False,,ok,,,,270,all configured uniform portfolios agree with Conjure,target/sat-coverage-survey/logs/0604-sat-ir_cardinality.log
sat-ir/dominance-counts,pass,True,90,4.634,18.6,600,False,Conjure does not support CDP,not completed,,,,397,solution check without Conjure reference: Conjure does not support CDP,target/sat-coverage-survey/logs/0639-sat-ir_dominance-counts.log
sat-ir/dominance-rank-views,pass,True,65,2.574,3.8,600,False,Conjure does not support CDP,not completed,,,,252,solution check without Conjure reference: Conjure does not support CDP,target/sat-coverage-survey/logs/0596-sat-ir_dominance-rank-views.log
sat-ir/dominance-weighted,pass,True,65,2.365,4.0,600,False,Conjure does not support CDP,not completed,,,,221,solution check without Conjure reference: Conjure does not support CDP,target/sat-coverage-survey/logs/0588-sat-ir_dominance-weighted.log
sat-ir/element,pass,True,130,3.22,31.0,600,False,,ok,,,,288,all configured uniform portfolios agree with Conjure,target/sat-coverage-survey/logs/0614-sat-ir_element.log
sat-ir/element-compound-matrices,pass,True,130,4.625,30.0,600,False,Conjure/Savile Row requires a constant scalar exception; independently enumerate whole-value lookups and masked/defaulted results.,not completed,,,,460,solution check without Conjure reference: Conjure/Savile Row requires a constant scalar exception; independently enumerate whole-value lookups and masked/defaulted results.,target/sat-coverage-survey/logs/0645-sat-ir_element-compound-matrices.log
sat-ir/element-compound-records,pass,True,260,12.309,134.1,600,False,Conjure/Savile Row requires a constant scalar exception; independently enumerate whole-value lookups and masked/defaulted results.,not completed,,,,542,solution check without Conjure reference: Conjure/Savile Row requires a constant scalar exception; independently enumerate whole-value lookups and masked/defaulted results.,target/sat-coverage-survey/logs/0653-sat-ir_element-compound-records.log
sat-ir/element-compound-sequences,pass,True,260,47.601,503.0,600,False,Conjure/Savile Row requires a constant scalar exception; independently enumerate whole-value lookups and masked/defaulted results.,not completed,,,,409,solution check without Conjure reference: Conjure/Savile Row requires a constant scalar exception; independently enumerate whole-value lookups and masked/defaulted results.,target/sat-coverage-survey/logs/0641-sat-ir_element-compound-sequences.log
sat-ir/element-compound-sets,pass,True,1160,80.257,259.8,600,False,Conjure 3de9b2ef3 crashes refining a comprehension over a set-valued catchUndef; independently enumerate all three lookup/default assignments.,not completed,,,,247,solution check without Conjure reference: Conjure 3de9b2ef3 crashes refining a comprehension over a set-valued catchUndef; independently enumerate all three lookup/default assignments.,target/sat-coverage-survey/logs/0594-sat-ir_element-compound-sets.log
sat-ir/element-compound-tuples,pass,True,260,11.672,155.1,600,False,Conjure/Savile Row requires a constant scalar exception; independently enumerate whole-value lookups and masked/defaulted results.,not completed,,,,367,solution check without Conjure reference: Conjure/Savile Row requires a constant scalar exception; independently enumerate whole-value lookups and masked/defaulted results.,target/sat-coverage-survey/logs/0635-sat-ir_element-compound-tuples.log
sat-ir/elementid,pass,True,130,7.144,112.2,600,False,,ok,,,,348,all configured uniform portfolios agree with Conjure,target/sat-coverage-survey/logs/0632-sat-ir_elementid.log
sat-ir/function-compound-domain,pass,True,587,35.303,220.2,600,False,,ok,,,,114,all configured uniform portfolios agree with Conjure,target/sat-coverage-survey/logs/0487-sat-ir_function-compound-domain.log
sat-ir/function-compound-masked,pass,True,1040,25.324,131.2,600,False,,ok,,,,156,all configured uniform portfolios agree with Conjure,target/sat-coverage-survey/logs/0545-sat-ir_function-compound-masked.log
sat-ir/guarded-counts,pass,True,450,4.643,24.1,600,False,,ok,,,,936,all configured uniform portfolios agree with Conjure,target/sat-coverage-survey/logs/0660-sat-ir_guarded-counts.log
sat-ir/integer-relations,pass,True,65,1.342,4.0,600,False,,ok,,,,295,all configured uniform portfolios agree with Conjure,target/sat-coverage-survey/logs/0616-sat-ir_integer-relations.log
sat-ir/mixed-indicators,pass,True,130,5.067,36.0,600,False,,ok,,,,389,all configured uniform portfolios agree with Conjure,target/sat-coverage-survey/logs/0636-sat-ir_mixed-indicators.log
sat-ir/modulo,pass,True,130,6.102,29.5,600,False,,ok,,,,102,all configured uniform portfolios agree with Conjure,target/sat-coverage-survey/logs/0456-sat-ir_modulo.log
sat-ir/objective-max,pass,True,65,1.953,4.0,600,False,,ok,,,,145,all configured uniform portfolios agree with Conjure,target/sat-coverage-survey/logs/0533-sat-ir_objective-max.log
sat-ir/objective-min,pass,True,65,1.96,4.0,600,False,,ok,,,,145,all configured uniform portfolios agree with Conjure,target/sat-coverage-survey/logs/0534-sat-ir_objective-min.log
sat-ir/reified-cardinality,pass,True,18,1.344,4.0,600,False,,ok,,,,873,all configured uniform portfolios agree with Conjure,target/sat-coverage-survey/logs/0657-sat-ir_reified-cardinality.log
sat-ir/set-membership,pass,True,65,1.549,3.9,600,False,,ok,,,,160,all configured uniform portfolios agree with Conjure,target/sat-coverage-survey/logs/0548-sat-ir_set-membership.log
sat-ir/signed-arithmetic,pass,True,65,2.566,3.9,600,False,,ok,,,,193,all configured uniform portfolios agree with Conjure,target/sat-coverage-survey/logs/0577-sat-ir_signed-arithmetic.log
sat-ir/sparse-partial-small,pass,True,1040,141.632,704.3,600,False,,ok,,,,194,all configured uniform portfolios agree with Conjure,target/sat-coverage-survey/logs/0579-sat-ir_sparse-partial-small.log
sat-ir/table,pass,True,130,1.748,3.7,600,False,,ok,,,,402,all configured uniform portfolios agree with Conjure,target/sat-coverage-survey/logs/0640-sat-ir_table.log
sat-ir/table-binary-support,pass,True,195,1.346,3.9,600,False,Conjure does not recognise negativeTable; independently enumerate the complete positive/negative relation solution set.,not completed,,,,192,solution check without Conjure reference: Conjure does not recognise negativeTable; independently enumerate the complete positive/negative relation solution set.,target/sat-coverage-survey/logs/0575-sat-ir_table-binary-support.log
sat-ir/table-short,pass,True,130,1.554,4.0,600,False,shortTable uses explicit one-based position/value pairs; independently enumerate wildcard and variable-cell semantics.,not completed,,,,293,solution check without Conjure reference: shortTable uses explicit one-based position/value pairs; independently enumerate wildcard and variable-cell semantics.,target/sat-coverage-survey/logs/0615-sat-ir_table-short.log
sat-ir/table-variable,pass,True,130,1.551,2.7,600,False,Conjure does not recognise negativeTable; independently enumerate the complete positive/negative relation solution set.,not completed,,,,179,solution check without Conjure reference: Conjure does not recognise negativeTable; independently enumerate the complete positive/negative relation solution set.,target/sat-coverage-survey/logs/0563-sat-ir_table-variable.log
sat-ir/uniform-integers,pass,True,65,1.35,3.9,600,False,,ok,,,,110,all configured uniform portfolios agree with Conjure,target/sat-coverage-survey/logs/0481-sat-ir_uniform-integers.log
sat-ir/unsigned-integers,pass,True,450,5.479,40.3,600,False,,ok,,,,270,all configured uniform portfolios agree with Conjure,target/sat-coverage-survey/logs/0605-sat-ir_unsigned-integers.log
sat-ir/weighted-linear,pass,True,65,1.344,4.0,600,False,,ok,,,,264,all configured uniform portfolios agree with Conjure,target/sat-coverage-survey/logs/0602-sat-ir_weighted-linear.log
savilerow/absBug,memory_limit,False,0,5.183,4530.6,600,False,,ok,,pass,all configured uniform portfolios agree with Conjure,92,fixture exceeded 4 GiB RSS; unsupported semantics not established,target/sat-coverage-survey/logs/0067-savilerow_absBug.log
savilerow/add,pass,True,65,1.349,3.9,600,False,,ok,,,,123,all configured uniform portfolios agree with Conjure,target/sat-coverage-survey/logs/0506-savilerow_add.log
savilerow/alldiff_except,pass,True,110,7.125,75.7,600,False,,ok,,,,147,all configured uniform portfolios agree with Conjure,target/sat-coverage-survey/logs/0537-savilerow_alldiff_except.log
savilerow/alldiff_except_nest,pass,True,110,7.944,74.3,600,False,,ok,,,,154,all configured uniform portfolios agree with Conjure,target/sat-coverage-survey/logs/0540-savilerow_alldiff_except_nest.log
savilerow/and,pass,True,1,0.939,4.0,600,False,,ok,,,,69,all configured uniform portfolios agree with Conjure,target/sat-coverage-survey/logs/0359-savilerow_and.log
savilerow/atleast-test,residual_constraints,False,0,0.937,4.0,600,False,,ok,,residual_constraints,"Un-encoded constraints in the model: [atLeast([SATInt(Rank([(0, 0), (9, 9)]), [M#components_1#int_rank_1;int(1..)] [0, 9]),SATInt(Rank([(0, 0), (9, 9)]), [M#components_2#int_rank_1;int(1..)] [0, 9]),SATInt(Rank([(0, 0), (9, 9)]), [M#components_3#int_rank_1;int(1..)] [0, 9]),SATInt(Rank([(0, 0), (9, 9)]), [M#components_4#int_rank_1;int(1..)] [0, 9]),SATInt(Rank([(0, 0), (9, 9)]), [M#components_5#int_rank_1;int(1..)] [0, 9]),SATInt(Rank([(0, 0), (9, 9)]), [M#components_6#int_rank_1;int(1..)] [0, 9]),SATInt(Rank([(0, 0), (9, 9)]), [M#components_7#int_rank_1;int(1..)] [0, 9]),SATInt(Rank([(0, 0), (9, 9)]), [M#components_8#int_rank_1;int(1..)] [0, 9]),SATInt(Rank([(0, 0), (9, 9)]), [M#components_9#int_rank_1;int(1..)] [0, 9]),SATInt(Rank([(0, 0), (9, 9)]), [M#components_10#int_rank_1;int(1..)] [0, 9]);int(0..9)], [0;int(1..)], [0;int(1..)]), atLeast([SATInt(Rank([(0, 0), (9, 9)]), [M#components_2#int_rank_1;int(1..)] [0, 9]),SATInt(Rank([(0, 0), (9, 9)]), [M#components_3#int_rank_1;int(1..)] [0, 9]),SATInt(Rank([(0, 0), (9, 9)]), [M#components_4#int_rank_1;int(1..)] [0, 9]),SATInt(Rank([(0, 0), (9, 9)]), [M#components_5#int_rank_1;int(1..)] [0, 9]),SATInt(Rank([(0, 0), (9, 9)]), [M#components_6#int_rank_1;int(1..)] [0, 9]),3,3,3,1;int(1..)], [2;int(1..)], [1;int(1..)])]",235,"Un-encoded constraints in the model: [atLeast([SATInt(Direct, [M#components_1#int_direct_1,M#components_1#int_direct_2,M#components_1#int_direct_3,M#components_1#int_direct_4,M#components_1#int_direct_5,M#components_1#int_direct_6,M#components_1#int_direct_7,M#components_1#int_direct_8,M#components_1#int_direct_9,M#components_1#int_direct_10;int(1..)] [0, 9]),SATInt(Direct, [M#components_2#int_direct_1,M#components_2#int_direct_2,M#components_2#int_direct_3,M#components_2#int_direct_4,M#components_2#int_direct_5,M#components_2#int_direct_6,M#components_2#int_direct_7,M#components_2#int_direct_8,M#components_2#int_direct_9,M#components_2#int_direct_10;int(1..)] [0, 9]),SATInt(Direct, [M#components_3#int_direct_1,M#components_3#int_direct_2,M#components_3#int_direct_3,M#components_3#int_direct_4,M#components_3#int_direct_5,M#components_3#int_direct_6,M#components_3#int_direct_7,M#components_3#int_direct_8,M#components_3#int_direct_9,M#components_3#int_direct_10;int(1..)] [0, 9]),SATInt(Direct, [M#components_4#int_direct_1,M#components_4#int_direct_2,M#components_4#int_direct_3,M#components_4#int_direct_4,M#components_4#int_direct_5,M#components_4#int_direct_6,M#components_4#int_direct_7,M#components_4#int_direct_8,M#components_4#int_direct_9,M#components_4#int_direct_10;int(1..)] [0, 9]),SATInt(Direct, [M#components_5#int_direct_1,M#components_5#int_direct_2,M#components_5#int_direct_3,M#components_5#int_direct_4,M#components_5#int_direct_5,M#components_5#int_direct_6,M#components_5#int_direct_7,M#components_5#int_direct_8,M#components_5#int_direct_9,M#components_5#int_direct_10;int(1..)] [0, 9]),SATInt(Direct, [M#components_6#int_direct_1,M#components_6#int_direct_2,M#components_6#int_direct_3,M#components_6#int_direct_4,M#components_6#int_direct_5,M#components_6#int_dir",target/sat-coverage-survey/logs/0148-savilerow_atleast-test.log
savilerow/atmost-test,residual_constraints,False,0,1.145,3.9,600,False,,ok,,residual_constraints,"Un-encoded constraints in the model: [atMost([SATInt(Rank([(0, 0), (9, 9)]), [M#components_1#int_rank_1;int(1..)] [0, 9]),SATInt(Rank([(0, 0), (9, 9)]), [M#components_2#int_rank_1;int(1..)] [0, 9]),SATInt(Rank([(0, 0), (9, 9)]), [M#components_3#int_rank_1;int(1..)] [0, 9]),SATInt(Rank([(0, 0), (9, 9)]), [M#components_4#int_rank_1;int(1..)] [0, 9]),SATInt(Rank([(0, 0), (9, 9)]), [M#components_5#int_rank_1;int(1..)] [0, 9]),SATInt(Rank([(0, 0), (9, 9)]), [M#components_6#int_rank_1;int(1..)] [0, 9]),SATInt(Rank([(0, 0), (9, 9)]), [M#components_7#int_rank_1;int(1..)] [0, 9]),SATInt(Rank([(0, 0), (9, 9)]), [M#components_8#int_rank_1;int(1..)] [0, 9]),SATInt(Rank([(0, 0), (9, 9)]), [M#components_9#int_rank_1;int(1..)] [0, 9]),SATInt(Rank([(0, 0), (9, 9)]), [M#components_10#int_rank_1;int(1..)] [0, 9]);int(0..9)], [0;int(1..)], [0;int(1..)]), or([atMost([SATInt(Rank([(0, 0), (9, 9)]), [M#components_2#int_rank_1;int(1..)] [0, 9]),SATInt(Rank([(0, 0), (9, 9)]), [M#components_3#int_rank_1;int(1..)] [0, 9]),SATInt(Rank([(0, 0), (9, 9)]), [M#components_4#int_rank_1;int(1..)] [0, 9]),SATInt(Rank([(0, 0), (9, 9)]), [M#components_5#int_rank_1;int(1..)] [0, 9]),SATInt(Rank([(0, 0), (9, 9)]), [M#components_6#int_rank_1;int(1..)] [0, 9]),3,3,3,1;int(1..)], [2;int(1..)], [1;int(1..)]),atMost([SATInt(Rank([(0, 0), (9, 9)]), [M#components_2#int_rank_1;int(1..)] [0, 9]),SATInt(Rank([(0, 0), (9, 9)]), [M#components_3#int_rank_1;int(1..)] [0, 9]),SATInt(Rank([(0, 0), (9, 9)]), [M#components_4#int_rank_1;int(1..)] [0, 9]),SATInt(Rank([(0, 0), (9, 9)]), [M#components_5#int_rank_1;int(1..)] [0, 9]),SATInt(Rank([(0, 0), (9, 9)]), [M#components_6#int_rank_1;int(1..)] [0, 9]),3,3,3,1,1,1;int(1..)], [2;int(1..)], [1;int(1..)]);int(1..)])]",301,"Un-encoded constraints in the model: [atMost([SATInt(Direct, [M#components_1#int_direct_1,M#components_1#int_direct_2,M#components_1#int_direct_3,M#components_1#int_direct_4,M#components_1#int_direct_5,M#components_1#int_direct_6,M#components_1#int_direct_7,M#components_1#int_direct_8,M#components_1#int_direct_9,M#components_1#int_direct_10;int(1..)] [0, 9]),SATInt(Direct, [M#components_2#int_direct_1,M#components_2#int_direct_2,M#components_2#int_direct_3,M#components_2#int_direct_4,M#components_2#int_direct_5,M#components_2#int_direct_6,M#components_2#int_direct_7,M#components_2#int_direct_8,M#components_2#int_direct_9,M#components_2#int_direct_10;int(1..)] [0, 9]),SATInt(Direct, [M#components_3#int_direct_1,M#components_3#int_direct_2,M#components_3#int_direct_3,M#components_3#int_direct_4,M#components_3#int_direct_5,M#components_3#int_direct_6,M#components_3#int_direct_7,M#components_3#int_direct_8,M#components_3#int_direct_9,M#components_3#int_direct_10;int(1..)] [0, 9]),SATInt(Direct, [M#components_4#int_direct_1,M#components_4#int_direct_2,M#components_4#int_direct_3,M#components_4#int_direct_4,M#components_4#int_direct_5,M#components_4#int_direct_6,M#components_4#int_direct_7,M#components_4#int_direct_8,M#components_4#int_direct_9,M#components_4#int_direct_10;int(1..)] [0, 9]),SATInt(Direct, [M#components_5#int_direct_1,M#components_5#int_direct_2,M#components_5#int_direct_3,M#components_5#int_direct_4,M#components_5#int_direct_5,M#components_5#int_direct_6,M#components_5#int_direct_7,M#components_5#int_direct_8,M#components_5#int_direct_9,M#components_5#int_direct_10;int(1..)] [0, 9]),SATInt(Direct, [M#components_6#int_direct_1,M#components_6#int_direct_2,M#components_6#int_direct_3,M#components_6#int_direct_4,M#components_6#int_direct_5,M#components_6#int_dire",target/sat-coverage-survey/logs/0153-savilerow_atmost-test.log
savilerow/bibd,pass,False,10,1.96,3.8,600,False,,ok,,,,1416,all configured uniform portfolios agree with Conjure,target/sat-coverage-survey/logs/0202-savilerow_bibd.log
savilerow/bibd-implied,pass,False,10,155.391,1412.2,600,False,,ok,,,,1837,all configured uniform portfolios agree with Conjure,target/sat-coverage-survey/logs/0218-savilerow_bibd-implied.log
savilerow/blackhole,residual_constraints,False,0,61.649,817.5,600,False,,ok,,residual_constraints,"Un-encoded constraints in the model: [allDifferent([SATInt(Offset, [cardSequence#components_1#int_offset_1,cardSequence#components_1#int_offset_2,cardSequence#components_1#int_offset_3,cardSequence#components_1#int_offset_4,cardSequence#components_1#int_offset_5,cardSequence#components_1#int_offset_6;int(1..)] [0, 51]),SATInt(Offset, [cardSequence#components_2#int_offset_1,cardSequence#components_2#int_offset_2,cardSequence#components_2#int_offset_3,cardSequence#components_2#int_offset_4,cardSequence#components_2#int_offset_5,cardSequence#components_2#int_offset_6;int(1..)] [0, 51]),SATInt(Offset, [cardSequence#components_3#int_offset_1,cardSequence#components_3#int_offset_2,cardSequence#components_3#int_offset_3,cardSequence#components_3#int_offset_4,cardSequence#components_3#int_offset_5,cardSequence#components_3#int_offset_6;int(1..)] [0, 51]),SATInt(Offset, [cardSequence#components_4#int_offset_1,cardSequence#components_4#int_offset_2,cardSequence#components_4#int_offset_3,cardSequence#components_4#int_offset_4,cardSequence#components_4#int_offset_5,cardSequence#components_4#int_offset_6;int(1..)] [0, 51]),SATInt(Offset, [cardSequence#components_5#int_offset_1,cardSequence#components_5#int_offset_2,cardSequence#components_5#int_offset_3,cardSequence#components_5#int_offset_4,cardSequence#components_5#int_offset_5,cardSequence#components_5#int_offset_6;int(1..)] [0, 51]),SATInt(Offset, [cardSequence#components_6#int_offset_1,cardSequence#components_6#int_offset_2,cardSequence#components_6#int_offset_3,cardSequence#components_6#int_offset_4,cardSequence#components_6#int_offset_5,cardSequence#components_6#int_offset_6;int(1..)] [0, 51]),SATInt(Offset, [cardSequence#components_7#int_offset_1,cardSequence#components_7#int_offset_2,cardSequence#components_7#int_offset_3,c",10361,"Un-encoded constraints in the model: [allDifferent([SATInt(Direct, [cardSequence#components_1#int_direct_1,cardSequence#components_1#int_direct_2,cardSequence#components_1#int_direct_3,cardSequence#components_1#int_direct_4,cardSequence#components_1#int_direct_5,cardSequence#components_1#int_direct_6,cardSequence#components_1#int_direct_7,cardSequence#components_1#int_direct_8,cardSequence#components_1#int_direct_9,cardSequence#components_1#int_direct_10,cardSequence#components_1#int_direct_11,cardSequence#components_1#int_direct_12,cardSequence#components_1#int_direct_13,cardSequence#components_1#int_direct_14,cardSequence#components_1#int_direct_15,cardSequence#components_1#int_direct_16,cardSequence#components_1#int_direct_17,cardSequence#components_1#int_direct_18,cardSequence#components_1#int_direct_19,cardSequence#components_1#int_direct_20,cardSequence#components_1#int_direct_21,cardSequence#components_1#int_direct_22,cardSequence#components_1#int_direct_23,cardSequence#components_1#int_direct_24,cardSequence#components_1#int_direct_25,cardSequence#components_1#int_direct_26,cardSequence#components_1#int_direct_27,cardSequence#components_1#int_direct_28,cardSequence#components_1#int_direct_29,cardSequence#components_1#int_direct_30,cardSequence#components_1#int_direct_31,cardSequence#components_1#int_direct_32,cardSequence#components_1#int_direct_33,cardSequence#components_1#int_direct_34,cardSequence#components_1#int_direct_35,cardSequence#components_1#int_direct_36,cardSequence#components_1#int_direct_37,cardSequence#components_1#int_direct_38,cardSequence#components_1#int_direct_39,cardSequence#components_1#int_direct_40,cardSequence#components_1#int_direct_41,cardSequence#components_1#int_direct_42,cardSequence#components_1#int_direct_43,cardSequence#componen",target/sat-coverage-survey/logs/0233-savilerow_blackhole.log
savilerow/bugVariableArray1,pass,False,110,79.479,2301.4,600,False,,ok,,,,227,all configured uniform portfolios agree with Conjure,target/sat-coverage-survey/logs/0145-savilerow_bugVariableArray1.log
savilerow/carSequencing,memory_limit,False,0,90.041,4176.9,600,True,,not completed,,timeout,fixture exceeded 60 seconds; unsupported semantics not established,1186,fixture exceeded 4 GiB RSS; unsupported semantics not established,target/sat-coverage-survey/logs/0197-savilerow_carSequencing.log
savilerow/catchundef-saad1,pass,False,130,9.855,80.4,600,False,,ok,,,,485,all configured uniform portfolios agree with Conjure,target/sat-coverage-survey/logs/0163-savilerow_catchundef-saad1.log
savilerow/const_matrix_test,panic,False,0,1.156,4.1,600,False,,ok,,panic,error: 0 is not a valid index for dimension 0,210,error: 0 is not a valid index for dimension 0,target/sat-coverage-survey/logs/0137-savilerow_const_matrix_test.log
savilerow/cryptArithmetic,memory_limit,False,0,21.708,7411.4,600,False,,ok,,pass,all configured uniform portfolios agree with Conjure,1137,fixture exceeded 4 GiB RSS; unsupported semantics not established,target/sat-coverage-survey/logs/0195-savilerow_cryptArithmetic.log
savilerow/diet,timeout,False,0,601.215,3344.8,600,False,,ok,,pass,all configured uniform portfolios agree with Conjure,1421,fixture exceeded 600 seconds; unsupported semantics not established,target/sat-coverage-survey/logs/0203-savilerow_diet.log
savilerow/discreteTomography,pass,False,10,1.142,3.7,600,False,,ok,,,,1762,all configured uniform portfolios agree with Conjure,target/sat-coverage-survey/logs/0217-savilerow_discreteTomography.log
savilerow/divide-mod,pass,True,25,0.935,2.1,600,False,,ok,,,,184,all configured uniform portfolios agree with Conjure,target/sat-coverage-survey/logs/0566-savilerow_divide-mod.log
savilerow/divide-mod-novar,pass,True,1,0.928,1.0,600,False,,ok,,,,165,all configured uniform portfolios agree with Conjure,target/sat-coverage-survey/logs/0553-savilerow_divide-mod-novar.log
savilerow/efpa,residual_constraints,False,0,14.793,888.5,600,False,,ok,,residual_constraints,"Un-encoded constraints in the model: [globalCardinality([SATInt(Offset, [c#components_1#int_offset_1,c#components_1#int_offset_2,c#components_1#int_offset_3;int(1..)] [0, 6]),SATInt(Offset, [c#components_2#int_offset_1,c#components_2#int_offset_2,c#components_2#int_offset_3;int(1..)] [0, 6]),SATInt(Offset, [c#components_3#int_offset_1,c#components_3#int_offset_2,c#components_3#int_offset_3;int(1..)] [0, 6]),SATInt(Offset, [c#components_4#int_offset_1,c#components_4#int_offset_2,c#components_4#int_offset_3;int(1..)] [0, 6]),SATInt(Offset, [c#components_5#int_offset_1,c#components_5#int_offset_2,c#components_5#int_offset_3;int(1..)] [0, 6]),SATInt(Offset, [c#components_6#int_offset_1,c#components_6#int_offset_2,c#components_6#int_offset_3;int(1..)] [0, 6]),SATInt(Offset, [c#components_7#int_offset_1,c#components_7#int_offset_2,c#components_7#int_offset_3;int(1..)] [0, 6]),SATInt(Offset, [c#components_8#int_offset_1,c#components_8#int_offset_2,c#components_8#int_offset_3;int(1..)] [0, 6]),SATInt(Offset, [c#components_9#int_offset_1,c#components_9#int_offset_2,c#components_9#int_offset_3;int(1..)] [0, 6]),SATInt(Offset, [c#components_10#int_offset_1,c#components_10#int_offset_2,c#components_10#int_offset_3;int(1..)] [0, 6]),SATInt(Offset, [c#components_11#int_offset_1,c#components_11#int_offset_2,c#components_11#int_offset_3;int(1..)] [0, 6]),SATInt(Offset, [c#components_12#int_offset_1,c#components_12#int_offset_2,c#components_12#int_offset_3;int(1..)] [0, 6]),SATInt(Offset, [c#components_13#int_offset_1,c#components_13#int_offset_2,c#components_13#int_offset_3;int(1..)] [0, 6]),SATInt(Offset, [c#components_14#int_offset_1,c#components_14#int_offset_2,c#components_14#int_offset_3;int(1..)] [0, 6]),SATInt(Offset, [c#components_15#int_offset_1,c#components_15#int_offset_2,c#",1074,"Un-encoded constraints in the model: [globalCardinality([SATInt(Direct, [c#components_1#int_direct_1,c#components_1#int_direct_2,c#components_1#int_direct_3,c#components_1#int_direct_4,c#components_1#int_direct_5,c#components_1#int_direct_6,c#components_1#int_direct_7;int(1..)] [0, 6]),SATInt(Direct, [c#components_2#int_direct_1,c#components_2#int_direct_2,c#components_2#int_direct_3,c#components_2#int_direct_4,c#components_2#int_direct_5,c#components_2#int_direct_6,c#components_2#int_direct_7;int(1..)] [0, 6]),SATInt(Direct, [c#components_3#int_direct_1,c#components_3#int_direct_2,c#components_3#int_direct_3,c#components_3#int_direct_4,c#components_3#int_direct_5,c#components_3#int_direct_6,c#components_3#int_direct_7;int(1..)] [0, 6]),SATInt(Direct, [c#components_4#int_direct_1,c#components_4#int_direct_2,c#components_4#int_direct_3,c#components_4#int_direct_4,c#components_4#int_direct_5,c#components_4#int_direct_6,c#components_4#int_direct_7;int(1..)] [0, 6]),SATInt(Direct, [c#components_5#int_direct_1,c#components_5#int_direct_2,c#components_5#int_direct_3,c#components_5#int_direct_4,c#components_5#int_direct_5,c#components_5#int_direct_6,c#components_5#int_direct_7;int(1..)] [0, 6]),SATInt(Direct, [c#components_6#int_direct_1,c#components_6#int_direct_2,c#components_6#int_direct_3,c#components_6#int_direct_4,c#components_6#int_direct_5,c#components_6#int_direct_6,c#components_6#int_direct_7;int(1..)] [0, 6]),SATInt(Direct, [c#components_7#int_direct_1,c#components_7#int_direct_2,c#components_7#int_direct_3,c#components_7#int_direct_4,c#components_7#int_direct_5,c#components_7#int_direct_6,c#components_7#int_direct_7;int(1..)] [0, 6]),SATInt(Direct, [c#components_8#int_direct_1,c#components_8#int_direct_2,c#components_8#int_direct_3,c#components_8#int_direct_4,c#com",target/sat-coverage-survey/logs/0192-savilerow_efpa.log
savilerow/farm_puzzle,pass,True,65,1.548,4.0,600,False,,ok,,,,474,all configured uniform portfolios agree with Conjure,target/sat-coverage-survey/logs/0647-savilerow_farm_puzzle.log
savilerow/futoshiki,pass,False,110,9.05,262.8,600,False,,ok,,,,1083,all configured uniform portfolios agree with Conjure,target/sat-coverage-survey/logs/0193-savilerow_futoshiki.log
savilerow/gcctest,residual_constraints,False,0,1.142,3.3,600,False,,ok,,residual_constraints,"Un-encoded constraints in the model: [globalCardinality([SATInt(Offset, [m#components_1#int_offset_1,m#components_1#int_offset_2,m#components_1#int_offset_3,m#components_1#int_offset_4;int(1..)] [1, 10]),SATInt(Offset, [m#components_2#int_offset_1,m#components_2#int_offset_2,m#components_2#int_offset_3,m#components_2#int_offset_4;int(1..)] [1, 10]),SATInt(Offset, [m#components_3#int_offset_1,m#components_3#int_offset_2,m#components_3#int_offset_3,m#components_3#int_offset_4;int(1..)] [1, 10]),SATInt(Offset, [m#components_4#int_offset_1,m#components_4#int_offset_2,m#components_4#int_offset_3,m#components_4#int_offset_4;int(1..)] [1, 10]),SATInt(Offset, [m#components_5#int_offset_1,m#components_5#int_offset_2,m#components_5#int_offset_3,m#components_5#int_offset_4;int(1..)] [1, 10]),SATInt(Offset, [m#components_6#int_offset_1,m#components_6#int_offset_2,m#components_6#int_offset_3,m#components_6#int_offset_4;int(1..)] [1, 10]),SATInt(Offset, [m#components_7#int_offset_1,m#components_7#int_offset_2,m#components_7#int_offset_3,m#components_7#int_offset_4;int(1..)] [1, 10]),SATInt(Offset, [m#components_8#int_offset_1,m#components_8#int_offset_2,m#components_8#int_offset_3,m#components_8#int_offset_4;int(1..)] [1, 10]),SATInt(Offset, [m#components_9#int_offset_1,m#components_9#int_offset_2,m#components_9#int_offset_3,m#components_9#int_offset_4;int(1..)] [1, 10]),SATInt(Offset, [m#components_10#int_offset_1,m#components_10#int_offset_2,m#components_10#int_offset_3,m#components_10#int_offset_4;int(1..)] [1, 10]);int(1..)], [1,2,3,4,5,6,7,8,9,10;int(1..)], [SATInt(Offset, [m#components_1#int_offset_1,m#components_1#int_offset_2,m#components_1#int_offset_3,m#components_1#int_offset_4;int(1..)] [1, 10]),SATInt(Offset, [m#components_2#int_offset_1,m#components_2#int_offset_2,m#com",273,"Un-encoded constraints in the model: [globalCardinality([SATInt(Direct, [m#components_1#int_direct_1,m#components_1#int_direct_2,m#components_1#int_direct_3,m#components_1#int_direct_4,m#components_1#int_direct_5,m#components_1#int_direct_6,m#components_1#int_direct_7,m#components_1#int_direct_8,m#components_1#int_direct_9,m#components_1#int_direct_10;int(1..)] [1, 10]),SATInt(Direct, [m#components_2#int_direct_1,m#components_2#int_direct_2,m#components_2#int_direct_3,m#components_2#int_direct_4,m#components_2#int_direct_5,m#components_2#int_direct_6,m#components_2#int_direct_7,m#components_2#int_direct_8,m#components_2#int_direct_9,m#components_2#int_direct_10;int(1..)] [1, 10]),SATInt(Direct, [m#components_3#int_direct_1,m#components_3#int_direct_2,m#components_3#int_direct_3,m#components_3#int_direct_4,m#components_3#int_direct_5,m#components_3#int_direct_6,m#components_3#int_direct_7,m#components_3#int_direct_8,m#components_3#int_direct_9,m#components_3#int_direct_10;int(1..)] [1, 10]),SATInt(Direct, [m#components_4#int_direct_1,m#components_4#int_direct_2,m#components_4#int_direct_3,m#components_4#int_direct_4,m#components_4#int_direct_5,m#components_4#int_direct_6,m#components_4#int_direct_7,m#components_4#int_direct_8,m#components_4#int_direct_9,m#components_4#int_direct_10;int(1..)] [1, 10]),SATInt(Direct, [m#components_5#int_direct_1,m#components_5#int_direct_2,m#components_5#int_direct_3,m#components_5#int_direct_4,m#components_5#int_direct_5,m#components_5#int_direct_6,m#components_5#int_direct_7,m#components_5#int_direct_8,m#components_5#int_direct_9,m#components_5#int_direct_10;int(1..)] [1, 10]),SATInt(Direct, [m#components_6#int_direct_1,m#components_6#int_direct_2,m#components_6#int_direct_3,m#components_6#int_direct_4,m#components_6#int_direct_5,m#compo",target/sat-coverage-survey/logs/0152-savilerow_gcctest.log
savilerow/golomb,memory_limit,False,0,11.613,4615.7,600,False,,ok,,pass,all configured uniform portfolios agree with Conjure,569,fixture exceeded 4 GiB RSS; unsupported semantics not established,target/sat-coverage-survey/logs/0172-savilerow_golomb.log
savilerow/golomb2,memory_limit,False,0,10.218,4368.7,600,False,,ok,,pass,all configured uniform portfolios agree with Conjure,569,fixture exceeded 4 GiB RSS; unsupported semantics not established,target/sat-coverage-survey/logs/0173-savilerow_golomb2.log
savilerow/graphColouring,pass,False,65,1.954,3.9,600,False,,ok,,,,782,all configured uniform portfolios agree with Conjure,target/sat-coverage-survey/logs/0182-savilerow_graphColouring.log
savilerow/grocery,memory_limit,False,0,114.784,5085.0,600,False,Int domain too large for minion,not completed,Minion product domain bounds too large,pass,solution check without Conjure reference: Int domain too large for minion,888,fixture exceeded 4 GiB RSS; unsupported semantics not established,target/sat-coverage-survey/logs/0188-savilerow_grocery.log
savilerow/iff,pass,True,1,1.141,4.0,600,False,,ok,,,,74,all configured uniform portfolios agree with Conjure,target/sat-coverage-survey/logs/0372-savilerow_iff.log
savilerow/implies,pass,True,1,1.149,4.0,600,False,,ok,,,,71,all configured uniform portfolios agree with Conjure,target/sat-coverage-survey/logs/0362-savilerow_implies.log
savilerow/killer,pass,False,110,126.674,4095.7,600,False,,ok,,,,1695,all configured uniform portfolios agree with Conjure,target/sat-coverage-survey/logs/0216-savilerow_killer.log
savilerow/killer16,memory_limit,False,16,266.31,4195.5,600,False,,ok,,pass,all configured uniform portfolios agree with Conjure,2374,fixture exceeded 4 GiB RSS; unsupported semantics not established,target/sat-coverage-survey/logs/0223-savilerow_killer16.log
savilerow/knapsack,memory_limit,False,0,7.28,4733.4,600,False,,ok,,pass,all configured uniform portfolios agree with Conjure,683,fixture exceeded 4 GiB RSS; unsupported semantics not established,target/sat-coverage-survey/logs/0180-savilerow_knapsack.log
savilerow/knights,residual_constraints,False,0,20.769,242.7,600,False,,ok,,residual_constraints,"Un-encoded constraints in the model: [allDifferent([SATInt(Offset, [tour#components_1#int_offset_1,tour#components_1#int_offset_2,tour#components_1#int_offset_3,tour#components_1#int_offset_4,tour#components_1#int_offset_5;int(1..)] [0, 24]),SATInt(Offset, [tour#components_2#int_offset_1,tour#components_2#int_offset_2,tour#components_2#int_offset_3,tour#components_2#int_offset_4,tour#components_2#int_offset_5;int(1..)] [0, 24]),SATInt(Offset, [tour#components_3#int_offset_1,tour#components_3#int_offset_2,tour#components_3#int_offset_3,tour#components_3#int_offset_4,tour#components_3#int_offset_5;int(1..)] [0, 24]),SATInt(Offset, [tour#components_4#int_offset_1,tour#components_4#int_offset_2,tour#components_4#int_offset_3,tour#components_4#int_offset_4,tour#components_4#int_offset_5;int(1..)] [0, 24]),SATInt(Offset, [tour#components_5#int_offset_1,tour#components_5#int_offset_2,tour#components_5#int_offset_3,tour#components_5#int_offset_4,tour#components_5#int_offset_5;int(1..)] [0, 24]),SATInt(Offset, [tour#components_6#int_offset_1,tour#components_6#int_offset_2,tour#components_6#int_offset_3,tour#components_6#int_offset_4,tour#components_6#int_offset_5;int(1..)] [0, 24]),SATInt(Offset, [tour#components_7#int_offset_1,tour#components_7#int_offset_2,tour#components_7#int_offset_3,tour#components_7#int_offset_4,tour#components_7#int_offset_5;int(1..)] [0, 24]),SATInt(Offset, [tour#components_8#int_offset_1,tour#components_8#int_offset_2,tour#components_8#int_offset_3,tour#components_8#int_offset_4,tour#components_8#int_offset_5;int(1..)] [0, 24]),SATInt(Offset, [tour#components_9#int_offset_1,tour#components_9#int_offset_2,tour#components_9#int_offset_3,tour#components_9#int_offset_4,tour#components_9#int_offset_5;int(1..)] [0, 24]),SATInt(Offset, [tour#components_10#int",1568,"Un-encoded constraints in the model: [allDifferent([SATInt(Direct, [tour#components_1#int_direct_1,tour#components_1#int_direct_2,tour#components_1#int_direct_3,tour#components_1#int_direct_4,tour#components_1#int_direct_5,tour#components_1#int_direct_6,tour#components_1#int_direct_7,tour#components_1#int_direct_8,tour#components_1#int_direct_9,tour#components_1#int_direct_10,tour#components_1#int_direct_11,tour#components_1#int_direct_12,tour#components_1#int_direct_13,tour#components_1#int_direct_14,tour#components_1#int_direct_15,tour#components_1#int_direct_16,tour#components_1#int_direct_17,tour#components_1#int_direct_18,tour#components_1#int_direct_19,tour#components_1#int_direct_20,tour#components_1#int_direct_21,tour#components_1#int_direct_22,tour#components_1#int_direct_23,tour#components_1#int_direct_24,tour#components_1#int_direct_25;int(1..)] [0, 24]),SATInt(Direct, [tour#components_2#int_direct_1,tour#components_2#int_direct_2,tour#components_2#int_direct_3,tour#components_2#int_direct_4,tour#components_2#int_direct_5,tour#components_2#int_direct_6,tour#components_2#int_direct_7,tour#components_2#int_direct_8,tour#components_2#int_direct_9,tour#components_2#int_direct_10,tour#components_2#int_direct_11,tour#components_2#int_direct_12,tour#components_2#int_direct_13,tour#components_2#int_direct_14,tour#components_2#int_direct_15,tour#components_2#int_direct_16,tour#components_2#int_direct_17,tour#components_2#int_direct_18,tour#components_2#int_direct_19,tour#components_2#int_direct_20,tour#components_2#int_direct_21,tour#components_2#int_direct_22,tour#components_2#int_direct_23,tour#components_2#int_direct_24,tour#components_2#int_direct_25;int(1..)] [0, 24]),SATInt(Direct, [tour#components_3#int_direct_1,tour#components_3#int_direct_2,tour#components_3#",target/sat-coverage-survey/logs/0209-savilerow_knights.log
savilerow/langford,pass,False,110,10.805,124.5,600,False,,ok,,,,558,all configured uniform portfolios agree with Conjure,target/sat-coverage-survey/logs/0170-savilerow_langford.log
savilerow/langfordN,timeout,False,17,601.164,1219.5,600,False,,ok,,pass,all configured uniform portfolios agree with Conjure,712,fixture exceeded 600 seconds; unsupported semantics not established,target/sat-coverage-survey/logs/0181-savilerow_langfordN.log
savilerow/lee-distance,timeout,False,0,601.136,1340.5,600,False,,ok,,timeout,fixture exceeded 60 seconds; unsupported semantics not established,795,fixture exceeded 600 seconds; unsupported semantics not established,target/sat-coverage-survey/logs/0183-savilerow_lee-distance.log
savilerow/magicSequence,memory_limit,False,0,56.855,4146.3,600,False,,ok,,residual_constraints,"Un-encoded constraints in the model: [globalCardinality([SATInt(Offset, [x#components_1#int_offset_1,x#components_1#int_offset_2,x#components_1#int_offset_3,x#components_1#int_offset_4,x#components_1#int_offset_5,x#components_1#int_offset_6,x#components_1#int_offset_7,x#components_1#int_offset_8;int(1..)] [0, 199]),SATInt(Offset, [x#components_2#int_offset_1,x#components_2#int_offset_2,x#components_2#int_offset_3,x#components_2#int_offset_4,x#components_2#int_offset_5,x#components_2#int_offset_6,x#components_2#int_offset_7,x#components_2#int_offset_8;int(1..)] [0, 199]),SATInt(Offset, [x#components_3#int_offset_1,x#components_3#int_offset_2,x#components_3#int_offset_3,x#components_3#int_offset_4,x#components_3#int_offset_5,x#components_3#int_offset_6,x#components_3#int_offset_7,x#components_3#int_offset_8;int(1..)] [0, 199]),SATInt(Offset, [x#components_4#int_offset_1,x#components_4#int_offset_2,x#components_4#int_offset_3,x#components_4#int_offset_4,x#components_4#int_offset_5,x#components_4#int_offset_6,x#components_4#int_offset_7,x#components_4#int_offset_8;int(1..)] [0, 199]),SATInt(Offset, [x#components_5#int_offset_1,x#components_5#int_offset_2,x#components_5#int_offset_3,x#components_5#int_offset_4,x#components_5#int_offset_5,x#components_5#int_offset_6,x#components_5#int_offset_7,x#components_5#int_offset_8;int(1..)] [0, 199]),SATInt(Offset, [x#components_6#int_offset_1,x#components_6#int_offset_2,x#components_6#int_offset_3,x#components_6#int_offset_4,x#components_6#int_offset_5,x#components_6#int_offset_6,x#components_6#int_offset_7,x#components_6#int_offset_8;int(1..)] [0, 199]),SATInt(Offset, [x#components_7#int_offset_1,x#components_7#int_offset_2,x#components_7#int_offset_3,x#components_7#int_offset_4,x#components_7#int_offset_5,x#components_7#int_offset_6",138,fixture exceeded 4 GiB RSS; unsupported semantics not established,target/sat-coverage-survey/logs/0112-savilerow_magicSequence.log
savilerow/magicSquare,timeout,False,17,601.186,279.8,600,False,,ok,,pass,all configured uniform portfolios agree with Conjure,1187,fixture exceeded 600 seconds; unsupported semantics not established,target/sat-coverage-survey/logs/0198-savilerow_magicSquare.log
savilerow/matrix-outbounds,pass,True,61,1.553,4.0,600,False,,ok,,,,193,all configured uniform portfolios agree with Conjure,target/sat-coverage-survey/logs/0578-savilerow_matrix-outbounds.log
savilerow/matrix-test,pass,False,130,100.969,347.5,600,False,,ok,,,,201,all configured uniform portfolios agree with Conjure,target/sat-coverage-survey/logs/0131-savilerow_matrix-test.log
savilerow/matrix_lit_explicit_index_1,pass,True,65,1.143,3.9,600,False,,ok,,,,90,all configured uniform portfolios agree with Conjure,target/sat-coverage-survey/logs/0426-savilerow_matrix_lit_explicit_index_1.log
savilerow/matrix_lit_explicit_index_2,pass,True,65,1.143,4.0,600,False,,ok,,,,91,all configured uniform portfolios agree with Conjure,target/sat-coverage-survey/logs/0429-savilerow_matrix_lit_explicit_index_2.log
savilerow/matrix_lit_explicit_index_3,pass,True,65,1.144,4.0,600,False,,ok,,,,92,all configured uniform portfolios agree with Conjure,target/sat-coverage-survey/logs/0431-savilerow_matrix_lit_explicit_index_3.log
savilerow/matrix_lit_explicit_index_4,pass,True,65,1.145,4.0,600,False,,ok,,,,94,all configured uniform portfolios agree with Conjure,target/sat-coverage-survey/logs/0434-savilerow_matrix_lit_explicit_index_4.log
savilerow/matrix_lit_explicit_index_5,pass,True,65,1.348,3.7,600,False,,ok,,,,110,all configured uniform portfolios agree with Conjure,target/sat-coverage-survey/logs/0482-savilerow_matrix_lit_explicit_index_5.log
savilerow/matrix_lit_explicit_index_6,pass,True,65,1.138,3.5,600,False,,ok,,,,153,all configured uniform portfolios agree with Conjure,target/sat-coverage-survey/logs/0539-savilerow_matrix_lit_explicit_index_6.log
savilerow/matrix_lit_explicit_index_7,pass,True,65,1.141,3.8,600,False,,ok,,,,160,all configured uniform portfolios agree with Conjure,target/sat-coverage-survey/logs/0549-savilerow_matrix_lit_explicit_index_7.log
savilerow/minusSum,pass,True,65,1.142,4.0,600,False,,ok,,,,67,all configured uniform portfolios agree with Conjure,target/sat-coverage-survey/logs/0353-savilerow_minusSum.log
savilerow/molnars,memory_limit,False,36,81.723,5455.8,600,False,,ok,,pass,all configured uniform portfolios agree with Conjure,1681,fixture exceeded 4 GiB RSS; unsupported semantics not established,target/sat-coverage-survey/logs/0215-savilerow_molnars.log
savilerow/multiDimensionArray,memory_limit,False,0,28.024,4326.8,600,True,First solutions do not agree and I don't want to enumerate all solutions.,not completed,,timeout,fixture exceeded 60 seconds; unsupported semantics not established,349,fixture exceeded 4 GiB RSS; unsupported semantics not established,target/sat-coverage-survey/logs/0158-savilerow_multiDimensionArray.log
savilerow/n_queens1,residual_constraints,False,0,1.137,4.0,600,False,,ok,,residual_constraints,"Un-encoded constraints in the model: [allDifferent([SATInt(Offset, [q1#components_1#int_offset_1,q1#components_1#int_offset_2,q1#components_1#int_offset_3;int(1..)] [0, 7]),SATInt(Offset, [q1#components_2#int_offset_1,q1#components_2#int_offset_2,q1#components_2#int_offset_3;int(1..)] [0, 7]),SATInt(Offset, [q1#components_3#int_offset_1,q1#components_3#int_offset_2,q1#components_3#int_offset_3;int(1..)] [0, 7]),SATInt(Offset, [q1#components_4#int_offset_1,q1#components_4#int_offset_2,q1#components_4#int_offset_3;int(1..)] [0, 7]),SATInt(Offset, [q1#components_5#int_offset_1,q1#components_5#int_offset_2,q1#components_5#int_offset_3;int(1..)] [0, 7]),SATInt(Offset, [q1#components_6#int_offset_1,q1#components_6#int_offset_2,q1#components_6#int_offset_3;int(1..)] [0, 7]),SATInt(Offset, [q1#components_7#int_offset_1,q1#components_7#int_offset_2,q1#components_7#int_offset_3;int(1..)] [0, 7]),SATInt(Offset, [q1#components_8#int_offset_1,q1#components_8#int_offset_2,q1#components_8#int_offset_3;int(1..)] [0, 7]);int(0..7)]), allDifferent([SATInt(Offset, [q2#components_1#int_offset_1,q2#components_1#int_offset_2,q2#components_1#int_offset_3,q2#components_1#int_offset_4;int(1..)] [-7, 7]),SATInt(Offset, [q2#components_2#int_offset_1,q2#components_2#int_offset_2,q2#components_2#int_offset_3,q2#components_2#int_offset_4;int(1..)] [-7, 7]),SATInt(Offset, [q2#components_3#int_offset_1,q2#components_3#int_offset_2,q2#components_3#int_offset_3,q2#components_3#int_offset_4;int(1..)] [-7, 7]),SATInt(Offset, [q2#components_4#int_offset_1,q2#components_4#int_offset_2,q2#components_4#int_offset_3,q2#components_4#int_offset_4;int(1..)] [-7, 7]),SATInt(Offset, [q2#components_5#int_offset_1,q2#components_5#int_offset_2,q2#components_5#int_offset_3,q2#components_5#int_offset_4;int(1..)] [-7, 7]",1313,"Un-encoded constraints in the model: [allDifferent([SATInt(Direct, [q1#components_1#int_direct_1,q1#components_1#int_direct_2,q1#components_1#int_direct_3,q1#components_1#int_direct_4,q1#components_1#int_direct_5,q1#components_1#int_direct_6,q1#components_1#int_direct_7,q1#components_1#int_direct_8;int(1..)] [0, 7]),SATInt(Direct, [q1#components_2#int_direct_1,q1#components_2#int_direct_2,q1#components_2#int_direct_3,q1#components_2#int_direct_4,q1#components_2#int_direct_5,q1#components_2#int_direct_6,q1#components_2#int_direct_7,q1#components_2#int_direct_8;int(1..)] [0, 7]),SATInt(Direct, [q1#components_3#int_direct_1,q1#components_3#int_direct_2,q1#components_3#int_direct_3,q1#components_3#int_direct_4,q1#components_3#int_direct_5,q1#components_3#int_direct_6,q1#components_3#int_direct_7,q1#components_3#int_direct_8;int(1..)] [0, 7]),SATInt(Direct, [q1#components_4#int_direct_1,q1#components_4#int_direct_2,q1#components_4#int_direct_3,q1#components_4#int_direct_4,q1#components_4#int_direct_5,q1#components_4#int_direct_6,q1#components_4#int_direct_7,q1#components_4#int_direct_8;int(1..)] [0, 7]),SATInt(Direct, [q1#components_5#int_direct_1,q1#components_5#int_direct_2,q1#components_5#int_direct_3,q1#components_5#int_direct_4,q1#components_5#int_direct_5,q1#components_5#int_direct_6,q1#components_5#int_direct_7,q1#components_5#int_direct_8;int(1..)] [0, 7]),SATInt(Direct, [q1#components_6#int_direct_1,q1#components_6#int_direct_2,q1#components_6#int_direct_3,q1#components_6#int_direct_4,q1#components_6#int_direct_5,q1#components_6#int_direct_6,q1#components_6#int_direct_7,q1#components_6#int_direct_8;int(1..)] [0, 7]),SATInt(Direct, [q1#components_7#int_direct_1,q1#components_7#int_direct_2,q1#components_7#int_direct_3,q1#components_7#int_direct_4,q1#components_7#int_",target/sat-coverage-survey/logs/0199-savilerow_n_queens1.log
savilerow/n_queens2,residual_constraints,False,0,3.413,12.8,600,False,,ok,,residual_constraints,"Un-encoded constraints in the model: [allDifferent([SATInt(Offset, [queens#components_1#int_offset_1,queens#components_1#int_offset_2,queens#components_1#int_offset_3;int(1..)] [0, 7]),SATInt(Offset, [queens#components_2#int_offset_1,queens#components_2#int_offset_2,queens#components_2#int_offset_3;int(1..)] [0, 7]),SATInt(Offset, [queens#components_3#int_offset_1,queens#components_3#int_offset_2,queens#components_3#int_offset_3;int(1..)] [0, 7]),SATInt(Offset, [queens#components_4#int_offset_1,queens#components_4#int_offset_2,queens#components_4#int_offset_3;int(1..)] [0, 7]),SATInt(Offset, [queens#components_5#int_offset_1,queens#components_5#int_offset_2,queens#components_5#int_offset_3;int(1..)] [0, 7]),SATInt(Offset, [queens#components_6#int_offset_1,queens#components_6#int_offset_2,queens#components_6#int_offset_3;int(1..)] [0, 7]),SATInt(Offset, [queens#components_7#int_offset_1,queens#components_7#int_offset_2,queens#components_7#int_offset_3;int(1..)] [0, 7]),SATInt(Offset, [queens#components_8#int_offset_1,queens#components_8#int_offset_2,queens#components_8#int_offset_3;int(1..)] [0, 7]);int(0..7)])]",540,"Un-encoded constraints in the model: [allDifferent([SATInt(Direct, [queens#components_1#int_direct_1,queens#components_1#int_direct_2,queens#components_1#int_direct_3,queens#components_1#int_direct_4,queens#components_1#int_direct_5,queens#components_1#int_direct_6,queens#components_1#int_direct_7,queens#components_1#int_direct_8;int(1..)] [0, 7]),SATInt(Direct, [queens#components_2#int_direct_1,queens#components_2#int_direct_2,queens#components_2#int_direct_3,queens#components_2#int_direct_4,queens#components_2#int_direct_5,queens#components_2#int_direct_6,queens#components_2#int_direct_7,queens#components_2#int_direct_8;int(1..)] [0, 7]),SATInt(Direct, [queens#components_3#int_direct_1,queens#components_3#int_direct_2,queens#components_3#int_direct_3,queens#components_3#int_direct_4,queens#components_3#int_direct_5,queens#components_3#int_direct_6,queens#components_3#int_direct_7,queens#components_3#int_direct_8;int(1..)] [0, 7]),SATInt(Direct, [queens#components_4#int_direct_1,queens#components_4#int_direct_2,queens#components_4#int_direct_3,queens#components_4#int_direct_4,queens#components_4#int_direct_5,queens#components_4#int_direct_6,queens#components_4#int_direct_7,queens#components_4#int_direct_8;int(1..)] [0, 7]),SATInt(Direct, [queens#components_5#int_direct_1,queens#components_5#int_direct_2,queens#components_5#int_direct_3,queens#components_5#int_direct_4,queens#components_5#int_direct_5,queens#components_5#int_direct_6,queens#components_5#int_direct_7,queens#components_5#int_direct_8;int(1..)] [0, 7]),SATInt(Direct, [queens#components_6#int_direct_1,queens#components_6#int_direct_2,queens#components_6#int_direct_3,queens#components_6#int_direct_4,queens#components_6#int_direct_5,queens#components_6#int_direct_6,queens#components_6#int_direct_7,queens#comp",target/sat-coverage-survey/logs/0168-savilerow_n_queens2.log
savilerow/n_queens_new,residual_constraints,False,0,1.987,0.1,600,False,,ok,,residual_constraints,"Un-encoded constraints in the model: [allDifferent([SATInt(Offset, [q1#components_1#int_offset_1,q1#components_1#int_offset_2,q1#components_1#int_offset_3;int(1..)] [0, 7]),SATInt(Offset, [q1#components_2#int_offset_1,q1#components_2#int_offset_2,q1#components_2#int_offset_3;int(1..)] [0, 7]),SATInt(Offset, [q1#components_3#int_offset_1,q1#components_3#int_offset_2,q1#components_3#int_offset_3;int(1..)] [0, 7]),SATInt(Offset, [q1#components_4#int_offset_1,q1#components_4#int_offset_2,q1#components_4#int_offset_3;int(1..)] [0, 7]),SATInt(Offset, [q1#components_5#int_offset_1,q1#components_5#int_offset_2,q1#components_5#int_offset_3;int(1..)] [0, 7]),SATInt(Offset, [q1#components_6#int_offset_1,q1#components_6#int_offset_2,q1#components_6#int_offset_3;int(1..)] [0, 7]),SATInt(Offset, [q1#components_7#int_offset_1,q1#components_7#int_offset_2,q1#components_7#int_offset_3;int(1..)] [0, 7]),SATInt(Offset, [q1#components_8#int_offset_1,q1#components_8#int_offset_2,q1#components_8#int_offset_3;int(1..)] [0, 7]);int(0..7)]), allDifferent([SATInt(Offset, [q2#components_1#int_offset_1,q2#components_1#int_offset_2,q2#components_1#int_offset_3,q2#components_1#int_offset_4;int(1..)] [-7, 7]),SATInt(Offset, [q2#components_2#int_offset_1,q2#components_2#int_offset_2,q2#components_2#int_offset_3,q2#components_2#int_offset_4;int(1..)] [-7, 7]),SATInt(Offset, [q2#components_3#int_offset_1,q2#components_3#int_offset_2,q2#components_3#int_offset_3,q2#components_3#int_offset_4;int(1..)] [-7, 7]),SATInt(Offset, [q2#components_4#int_offset_1,q2#components_4#int_offset_2,q2#components_4#int_offset_3,q2#components_4#int_offset_4;int(1..)] [-7, 7]),SATInt(Offset, [q2#components_5#int_offset_1,q2#components_5#int_offset_2,q2#components_5#int_offset_3,q2#components_5#int_offset_4;int(1..)] [-7, 7]",539,"Un-encoded constraints in the model: [allDifferent([SATInt(Direct, [q1#components_1#int_direct_1,q1#components_1#int_direct_2,q1#components_1#int_direct_3,q1#components_1#int_direct_4,q1#components_1#int_direct_5,q1#components_1#int_direct_6,q1#components_1#int_direct_7,q1#components_1#int_direct_8;int(1..)] [0, 7]),SATInt(Direct, [q1#components_2#int_direct_1,q1#components_2#int_direct_2,q1#components_2#int_direct_3,q1#components_2#int_direct_4,q1#components_2#int_direct_5,q1#components_2#int_direct_6,q1#components_2#int_direct_7,q1#components_2#int_direct_8;int(1..)] [0, 7]),SATInt(Direct, [q1#components_3#int_direct_1,q1#components_3#int_direct_2,q1#components_3#int_direct_3,q1#components_3#int_direct_4,q1#components_3#int_direct_5,q1#components_3#int_direct_6,q1#components_3#int_direct_7,q1#components_3#int_direct_8;int(1..)] [0, 7]),SATInt(Direct, [q1#components_4#int_direct_1,q1#components_4#int_direct_2,q1#components_4#int_direct_3,q1#components_4#int_direct_4,q1#components_4#int_direct_5,q1#components_4#int_direct_6,q1#components_4#int_direct_7,q1#components_4#int_direct_8;int(1..)] [0, 7]),SATInt(Direct, [q1#components_5#int_direct_1,q1#components_5#int_direct_2,q1#components_5#int_direct_3,q1#components_5#int_direct_4,q1#components_5#int_direct_5,q1#components_5#int_direct_6,q1#components_5#int_direct_7,q1#components_5#int_direct_8;int(1..)] [0, 7]),SATInt(Direct, [q1#components_6#int_direct_1,q1#components_6#int_direct_2,q1#components_6#int_direct_3,q1#components_6#int_direct_4,q1#components_6#int_direct_5,q1#components_6#int_direct_6,q1#components_6#int_direct_7,q1#components_6#int_direct_8;int(1..)] [0, 7]),SATInt(Direct, [q1#components_7#int_direct_1,q1#components_7#int_direct_2,q1#components_7#int_direct_3,q1#components_7#int_direct_4,q1#components_7#int_",target/sat-coverage-survey/logs/0167-savilerow_n_queens_new.log
savilerow/nqueens-8,residual_constraints,False,0,8.852,76.1,600,False,,ok,,residual_constraints,"Un-encoded constraints in the model: [allDifferent([SATInt(Offset, [q1#components_1#int_offset_1,q1#components_1#int_offset_2,q1#components_1#int_offset_3;int(1..)] [0, 7]),SATInt(Offset, [q1#components_2#int_offset_1,q1#components_2#int_offset_2,q1#components_2#int_offset_3;int(1..)] [0, 7]),SATInt(Offset, [q1#components_3#int_offset_1,q1#components_3#int_offset_2,q1#components_3#int_offset_3;int(1..)] [0, 7]),SATInt(Offset, [q1#components_4#int_offset_1,q1#components_4#int_offset_2,q1#components_4#int_offset_3;int(1..)] [0, 7]),SATInt(Offset, [q1#components_5#int_offset_1,q1#components_5#int_offset_2,q1#components_5#int_offset_3;int(1..)] [0, 7]),SATInt(Offset, [q1#components_6#int_offset_1,q1#components_6#int_offset_2,q1#components_6#int_offset_3;int(1..)] [0, 7]),SATInt(Offset, [q1#components_7#int_offset_1,q1#components_7#int_offset_2,q1#components_7#int_offset_3;int(1..)] [0, 7]),SATInt(Offset, [q1#components_8#int_offset_1,q1#components_8#int_offset_2,q1#components_8#int_offset_3;int(1..)] [0, 7]);int(0..7)]), allDifferent([SATInt(Offset, [q2#components_1#int_offset_1,q2#components_1#int_offset_2,q2#components_1#int_offset_3,q2#components_1#int_offset_4;int(1..)] [-7, 7]),SATInt(Offset, [q2#components_2#int_offset_1,q2#components_2#int_offset_2,q2#components_2#int_offset_3,q2#components_2#int_offset_4;int(1..)] [-7, 7]),SATInt(Offset, [q2#components_3#int_offset_1,q2#components_3#int_offset_2,q2#components_3#int_offset_3,q2#components_3#int_offset_4;int(1..)] [-7, 7]),SATInt(Offset, [q2#components_4#int_offset_1,q2#components_4#int_offset_2,q2#components_4#int_offset_3,q2#components_4#int_offset_4;int(1..)] [-7, 7]),SATInt(Offset, [q2#components_5#int_offset_1,q2#components_5#int_offset_2,q2#components_5#int_offset_3,q2#components_5#int_offset_4;int(1..)] [-7, 7]",566,"Un-encoded constraints in the model: [allDifferent([SATInt(Direct, [q1#components_1#int_direct_1,q1#components_1#int_direct_2,q1#components_1#int_direct_3,q1#components_1#int_direct_4,q1#components_1#int_direct_5,q1#components_1#int_direct_6,q1#components_1#int_direct_7,q1#components_1#int_direct_8;int(1..)] [0, 7]),SATInt(Direct, [q1#components_2#int_direct_1,q1#components_2#int_direct_2,q1#components_2#int_direct_3,q1#components_2#int_direct_4,q1#components_2#int_direct_5,q1#components_2#int_direct_6,q1#components_2#int_direct_7,q1#components_2#int_direct_8;int(1..)] [0, 7]),SATInt(Direct, [q1#components_3#int_direct_1,q1#components_3#int_direct_2,q1#components_3#int_direct_3,q1#components_3#int_direct_4,q1#components_3#int_direct_5,q1#components_3#int_direct_6,q1#components_3#int_direct_7,q1#components_3#int_direct_8;int(1..)] [0, 7]),SATInt(Direct, [q1#components_4#int_direct_1,q1#components_4#int_direct_2,q1#components_4#int_direct_3,q1#components_4#int_direct_4,q1#components_4#int_direct_5,q1#components_4#int_direct_6,q1#components_4#int_direct_7,q1#components_4#int_direct_8;int(1..)] [0, 7]),SATInt(Direct, [q1#components_5#int_direct_1,q1#components_5#int_direct_2,q1#components_5#int_direct_3,q1#components_5#int_direct_4,q1#components_5#int_direct_5,q1#components_5#int_direct_6,q1#components_5#int_direct_7,q1#components_5#int_direct_8;int(1..)] [0, 7]),SATInt(Direct, [q1#components_6#int_direct_1,q1#components_6#int_direct_2,q1#components_6#int_direct_3,q1#components_6#int_direct_4,q1#components_6#int_direct_5,q1#components_6#int_direct_6,q1#components_6#int_direct_7,q1#components_6#int_direct_8;int(1..)] [0, 7]),SATInt(Direct, [q1#components_7#int_direct_1,q1#components_7#int_direct_2,q1#components_7#int_direct_3,q1#components_7#int_direct_4,q1#components_7#int_",target/sat-coverage-survey/logs/0171-savilerow_nqueens-8.log
savilerow/nurse,pass,False,130,21.637,744.5,600,False,,ok,,,,1598,all configured uniform portfolios agree with Conjure,target/sat-coverage-survey/logs/0211-savilerow_nurse.log
savilerow/opd,timeout,False,24,601.241,249.7,600,False,,ok,,pass,all configured uniform portfolios agree with Conjure,894,fixture exceeded 600 seconds; unsupported semantics not established,target/sat-coverage-survey/logs/0189-savilerow_opd.log
savilerow/opt-matrixderef,pass,False,130,2.603,3.8,600,False,,ok,,,,202,all configured uniform portfolios agree with Conjure,target/sat-coverage-survey/logs/0133-savilerow_opt-matrixderef.log
savilerow/or,pass,True,1,1.149,4.0,600,False,,ok,,,,72,all configured uniform portfolios agree with Conjure,target/sat-coverage-survey/logs/0364-savilerow_or.log
savilerow/peaceableArmyOfQueens-old1,pass,False,65,61.517,662.2,600,False,,ok,,,,2874,all configured uniform portfolios agree with Conjure,target/sat-coverage-survey/logs/0226-savilerow_peaceableArmyOfQueens-old1.log
savilerow/peaceableArmyOfQueens-old3,pass,False,65,40.626,549.5,600,False,,ok,,,,2724,all configured uniform portfolios agree with Conjure,target/sat-coverage-survey/logs/0224-savilerow_peaceableArmyOfQueens-old3.log
savilerow/peaceableArmyOfQueens1,pass,False,65,13.964,2030.0,600,False,,ok,,,,1958,all configured uniform portfolios agree with Conjure,target/sat-coverage-survey/logs/0219-savilerow_peaceableArmyOfQueens1.log
savilerow/peaceableArmyOfQueens2,pass,False,65,180.984,407.4,600,False,,ok,,,,2728,all configured uniform portfolios agree with Conjure,target/sat-coverage-survey/logs/0225-savilerow_peaceableArmyOfQueens2.log
savilerow/peaceableArmyOfQueens2-failing,pass,False,0,18.311,2218.9,600,True,,not completed,,,,1959,rewrite only; SAT solving omitted,target/sat-coverage-survey/logs/0220-savilerow_peaceableArmyOfQueens2-failing.log
savilerow/peacefulArmyQueens3,pass,False,65,9.401,415.0,600,False,,ok,,,,3412,all configured uniform portfolios agree with Conjure,target/sat-coverage-survey/logs/0227-savilerow_peacefulArmyQueens3.log
savilerow/pegSolitaireAction,reference_memory_limit,False,0,9.3,4216.1,600,False,,not completed,"Rewriting is too slow for this parameter: about 33 seconds per step, so over 15 minutes for the 31 steps asked for here",timeout,fixture exceeded 60 seconds; unsupported semantics not established,4590,Conjure reference did not complete; fixture exceeded 4 GiB RSS; unsupported semantics not established,target/sat-coverage-survey/logs/0230-savilerow_pegSolitaireAction.log
savilerow/pegSolitaireState,reference_memory_limit,False,0,9.313,5097.2,600,False,,not completed,"Rewriting is too slow for this parameter: about 33 seconds per step, so over 15 minutes for the 31 steps asked for here",timeout,fixture exceeded 60 seconds; unsupported semantics not established,5585,Conjure reference did not complete; fixture exceeded 4 GiB RSS; unsupported semantics not established,target/sat-coverage-survey/logs/0231-savilerow_pegSolitaireState.log
savilerow/pegSolitaireTable,memory_limit,False,0,25.896,4455.8,600,False,,ok,,pass,all configured uniform portfolios agree with Conjure,79401,fixture exceeded 4 GiB RSS; unsupported semantics not established,target/sat-coverage-survey/logs/0236-savilerow_pegSolitaireTable.log
savilerow/permMultElementId,pass,True,130,1.954,3.9,600,False,,ok,,,,148,all configured uniform portfolios agree with Conjure,target/sat-coverage-survey/logs/0538-savilerow_permMultElementId.log
savilerow/plotting,residual_constraints,False,0,221.095,1570.7,600,False,,ok,,timeout,fixture exceeded 60 seconds; unsupported semantics not established,10620,"Un-encoded constraints in the model: [atLeast(flatten([SATInt(Direct, [grid#components_351#int_direct_1,grid#components_351#int_direct_2,grid#components_351#int_direct_3,grid#components_351#int_direct_4,grid#components_351#int_direct_5;int(1..)] [0, 4]),SATInt(Direct, [grid#components_352#int_direct_1,grid#components_352#int_direct_2,grid#components_352#int_direct_3,grid#components_352#int_direct_4,grid#components_352#int_direct_5;int(1..)] [0, 4]),SATInt(Direct, [grid#components_353#int_direct_1,grid#components_353#int_direct_2,grid#components_353#int_direct_3,grid#components_353#int_direct_4,grid#components_353#int_direct_5;int(1..)] [0, 4]),SATInt(Direct, [grid#components_354#int_direct_1,grid#components_354#int_direct_2,grid#components_354#int_direct_3,grid#components_354#int_direct_4,grid#components_354#int_direct_5;int(1..)] [0, 4]),SATInt(Direct, [grid#components_355#int_direct_1,grid#components_355#int_direct_2,grid#components_355#int_direct_3,grid#components_355#int_direct_4,grid#components_355#int_direct_5;int(1..)] [0, 4]),SATInt(Direct, [grid#components_356#int_direct_1,grid#components_356#int_direct_2,grid#components_356#int_direct_3,grid#components_356#int_direct_4,grid#components_356#int_direct_5;int(1..)] [0, 4]),SATInt(Direct, [grid#components_357#int_direct_1,grid#components_357#int_direct_2,grid#components_357#int_direct_3,grid#components_357#int_direct_4,grid#components_357#int_direct_5;int(1..)] [0, 4]),SATInt(Direct, [grid#components_358#int_direct_1,grid#components_358#int_direct_2,grid#components_358#int_direct_3,grid#components_358#int_direct_4,grid#components_358#int_direct_5;int(1..)] [0, 4]),SATInt(Direct, [grid#components_359#int_direct_1,grid#components_359#int_direct_2,grid#components_359#int_direct_3,grid#components_359#int_direct_4,grid#",target/sat-coverage-survey/logs/0234-savilerow_plotting.log
savilerow/problem1,pass,True,65,1.165,4.0,600,False,,ok,,,,57,all configured uniform portfolios agree with Conjure,target/sat-coverage-survey/logs/0308-savilerow_problem1.log
savilerow/problem102,pass,True,1,0.938,4.0,600,False,,ok,,,,90,all configured uniform portfolios agree with Conjure,target/sat-coverage-survey/logs/0427-savilerow_problem102.log
savilerow/problem110,pass,False,130,32.607,478.0,600,False,,ok,,,,1550,all configured uniform portfolios agree with Conjure,target/sat-coverage-survey/logs/0208-savilerow_problem110.log
savilerow/problem136,pass,True,1,0.941,4.0,600,False,,ok,,,,102,all configured uniform portfolios agree with Conjure,target/sat-coverage-survey/logs/0457-savilerow_problem136.log
savilerow/problem160,pass,True,1,0.939,3.8,600,False,,ok,,,,224,all configured uniform portfolios agree with Conjure,target/sat-coverage-survey/logs/0590-savilerow_problem160.log
savilerow/problem31,pass,True,65,2.365,4.0,600,False,,ok,,,,265,all configured uniform portfolios agree with Conjure,target/sat-coverage-survey/logs/0603-savilerow_problem31.log
savilerow/problem51,pass,True,65,1.956,3.5,600,False,,ok,,,,454,all configured uniform portfolios agree with Conjure,target/sat-coverage-survey/logs/0644-savilerow_problem51.log
savilerow/problem52,pass,True,1,0.939,4.0,600,False,,ok,,,,104,all configured uniform portfolios agree with Conjure,target/sat-coverage-survey/logs/0463-savilerow_problem52.log
savilerow/quantification_over_matrix_doms_1,pass,True,65,1.546,3.8,600,False,,ok,,,,160,all configured uniform portfolios agree with Conjure,target/sat-coverage-survey/logs/0550-savilerow_quantification_over_matrix_doms_1.log
savilerow/quantification_over_matrix_doms_2,pass,True,65,322.344,104.2,600,False,,ok,,,,181,all configured uniform portfolios agree with Conjure,target/sat-coverage-survey/logs/0564-savilerow_quantification_over_matrix_doms_2.log
savilerow/quantification_over_matrix_doms_3,pass,True,65,15.204,2148.0,600,False,,ok,,,,192,all configured uniform portfolios agree with Conjure,target/sat-coverage-survey/logs/0576-savilerow_quantification_over_matrix_doms_3.log
savilerow/quantification_over_matrix_doms_4,pass,False,110,18.08,90.0,600,False,,ok,,,,179,all configured uniform portfolios agree with Conjure,target/sat-coverage-survey/logs/0127-savilerow_quantification_over_matrix_doms_4.log
savilerow/quantification_over_matrix_doms_5,pass,True,25,3.407,20.0,600,False,,ok,,,,338,all configured uniform portfolios agree with Conjure,target/sat-coverage-survey/logs/0628-savilerow_quantification_over_matrix_doms_5.log
savilerow/quasiGroup3Idempotent,memory_limit,False,0,59.007,4099.8,600,True,,not completed,,pass,rewrite only; SAT solving omitted,1544,fixture exceeded 4 GiB RSS; unsupported semantics not established,target/sat-coverage-survey/logs/0207-savilerow_quasiGroup3Idempotent.log
savilerow/quasiGroup3NonIdempotent,memory_limit,False,0,485.319,4216.7,600,True,,not completed,,pass,rewrite only; SAT solving omitted,1439,fixture exceeded 4 GiB RSS; unsupported semantics not established,target/sat-coverage-survey/logs/0204-savilerow_quasiGroup3NonIdempotent.log
savilerow/quasiGroup4Idempotent,residual_constraints,False,0,3.417,164.9,600,False,,ok,,residual_constraints,"Un-encoded constraints in the model: [allDifferent([SATInt(Offset, [qgDiagonal#components_1#int_offset_1,qgDiagonal#components_1#int_offset_2,qgDiagonal#components_1#int_offset_3;int(1..)] [0, 6]),SATInt(Offset, [qgDiagonal#components_2#int_offset_1,qgDiagonal#components_2#int_offset_2,qgDiagonal#components_2#int_offset_3;int(1..)] [0, 6]),SATInt(Offset, [qgDiagonal#components_3#int_offset_1,qgDiagonal#components_3#int_offset_2,qgDiagonal#components_3#int_offset_3;int(1..)] [0, 6]),SATInt(Offset, [qgDiagonal#components_4#int_offset_1,qgDiagonal#components_4#int_offset_2,qgDiagonal#components_4#int_offset_3;int(1..)] [0, 6]),SATInt(Offset, [qgDiagonal#components_5#int_offset_1,qgDiagonal#components_5#int_offset_2,qgDiagonal#components_5#int_offset_3;int(1..)] [0, 6]),SATInt(Offset, [qgDiagonal#components_6#int_offset_1,qgDiagonal#components_6#int_offset_2,qgDiagonal#components_6#int_offset_3;int(1..)] [0, 6]),SATInt(Offset, [qgDiagonal#components_7#int_offset_1,qgDiagonal#components_7#int_offset_2,qgDiagonal#components_7#int_offset_3;int(1..)] [0, 6]);int(0..6)])]",1526,"Un-encoded constraints in the model: [allDifferent([SATInt(Direct, [qgDiagonal#components_1#int_direct_1,qgDiagonal#components_1#int_direct_2,qgDiagonal#components_1#int_direct_3,qgDiagonal#components_1#int_direct_4,qgDiagonal#components_1#int_direct_5,qgDiagonal#components_1#int_direct_6,qgDiagonal#components_1#int_direct_7;int(1..)] [0, 6]),SATInt(Direct, [qgDiagonal#components_2#int_direct_1,qgDiagonal#components_2#int_direct_2,qgDiagonal#components_2#int_direct_3,qgDiagonal#components_2#int_direct_4,qgDiagonal#components_2#int_direct_5,qgDiagonal#components_2#int_direct_6,qgDiagonal#components_2#int_direct_7;int(1..)] [0, 6]),SATInt(Direct, [qgDiagonal#components_3#int_direct_1,qgDiagonal#components_3#int_direct_2,qgDiagonal#components_3#int_direct_3,qgDiagonal#components_3#int_direct_4,qgDiagonal#components_3#int_direct_5,qgDiagonal#components_3#int_direct_6,qgDiagonal#components_3#int_direct_7;int(1..)] [0, 6]),SATInt(Direct, [qgDiagonal#components_4#int_direct_1,qgDiagonal#components_4#int_direct_2,qgDiagonal#components_4#int_direct_3,qgDiagonal#components_4#int_direct_4,qgDiagonal#components_4#int_direct_5,qgDiagonal#components_4#int_direct_6,qgDiagonal#components_4#int_direct_7;int(1..)] [0, 6]),SATInt(Direct, [qgDiagonal#components_5#int_direct_1,qgDiagonal#components_5#int_direct_2,qgDiagonal#components_5#int_direct_3,qgDiagonal#components_5#int_direct_4,qgDiagonal#components_5#int_direct_5,qgDiagonal#components_5#int_direct_6,qgDiagonal#components_5#int_direct_7;int(1..)] [0, 6]),SATInt(Direct, [qgDiagonal#components_6#int_direct_1,qgDiagonal#components_6#int_direct_2,qgDiagonal#components_6#int_direct_3,qgDiagonal#components_6#int_direct_4,qgDiagonal#components_6#int_direct_5,qgDiagonal#components_6#int_direct_6,qgDiagonal#components_6#int_direct_7;int(1..)",target/sat-coverage-survey/logs/0206-savilerow_quasiGroup4Idempotent.log
savilerow/quasiGroup4NonIdempotent,timeout,False,0,601.291,3015.8,600,True,,not completed,,pass,rewrite only; SAT solving omitted,1439,fixture exceeded 600 seconds; unsupported semantics not established,target/sat-coverage-survey/logs/0205-savilerow_quasiGroup4NonIdempotent.log
savilerow/quasiGroup5Idempotent,memory_limit,False,34,141.585,4148.5,600,False,,ok,,pass,all configured uniform portfolios agree with Conjure,1173,fixture exceeded 4 GiB RSS; unsupported semantics not established,target/sat-coverage-survey/logs/0196-savilerow_quasiGroup5Idempotent.log
savilerow/quasiGroup5NonIdempotent,timeout,False,118,601.195,2157.0,600,False,,ok,,pass,all configured uniform portfolios agree with Conjure,1066,fixture exceeded 600 seconds; unsupported semantics not established,target/sat-coverage-survey/logs/0191-savilerow_quasiGroup5NonIdempotent.log
savilerow/quasiGroup6,memory_limit,False,23,461.715,4147.4,600,False,,ok,,pass,all configured uniform portfolios agree with Conjure,1011,fixture exceeded 4 GiB RSS; unsupported semantics not established,target/sat-coverage-survey/logs/0190-savilerow_quasiGroup6.log
savilerow/quasiGroup7,memory_limit,False,40,209.966,4169.9,600,False,,ok,,pass,all configured uniform portfolios agree with Conjure,1379,fixture exceeded 4 GiB RSS; unsupported semantics not established,target/sat-coverage-survey/logs/0200-savilerow_quasiGroup7.log
savilerow/revForallRange2,pass,True,25,1.747,4.0,600,False,,ok,,,,278,all configured uniform portfolios agree with Conjure,target/sat-coverage-survey/logs/0608-savilerow_revForallRange2.log
savilerow/semigroup,memory_limit,False,20,294.939,4104.7,600,False,,ok,,pass,all configured uniform portfolios agree with Conjure,171,fixture exceeded 4 GiB RSS; unsupported semantics not established,target/sat-coverage-survey/logs/0125-savilerow_semigroup.log
savilerow/sendMoreMoney,memory_limit,False,0,51.422,4096.8,600,False,,ok,,pass,all configured uniform portfolios agree with Conjure,380,fixture exceeded 4 GiB RSS; unsupported semantics not established,target/sat-coverage-survey/logs/0160-savilerow_sendMoreMoney.log
savilerow/shorttable-assigntest,frontend,False,0,0.738,4.0,600,False,Conjure does not support tableshort,not completed,Conjure does not support tableshort,frontend,"Error: Custom { kind: Other, error: ""test_dir=tests/integration/savilerow/shorttable-assigntest, model=input.essence, parser=tree-sitter, rewriter=optimised, comprehension_expander=auto, heuristic=c, seed=0, channelling=uniform, solver=sat, solver_seed=0: tests/integration/savilerow/shorttable-assigntest/input.essence:10:1:\n  |\n10 | tableshort([x[1],x[2],x[3],x[4],x[5]], mycon),\n  | ^\nThe identifier 'tableshort' is not defined"" }",230,"Error: Custom { kind: Other, error: ""test_dir=tests/integration/savilerow/shorttable-assigntest, model=input.essence, parser=tree-sitter, rewriter=optimised, comprehension_expander=auto, heuristic=x, seed=0, channelling=uniform, solver=sat, solver_seed=0: tests/integration/savilerow/shorttable-assigntest/input.essence:10:1:\n  |\n10 | tableshort([x[1],x[2],x[3],x[4],x[5]], mycon),\n  | ^\nThe identifier 'tableshort' is not defined"" }",target/sat-coverage-survey/logs/0146-savilerow_shorttable-assigntest.log
savilerow/shorttable-smalltest,frontend,False,0,0.737,3.7,600,False,Conjure does not support tableshort,not completed,Conjure does not support tableshort,frontend,"Error: Custom { kind: Other, error: ""test_dir=tests/integration/savilerow/shorttable-smalltest, model=input.essence, parser=tree-sitter, rewriter=optimised, comprehension_expander=auto, heuristic=c, seed=0, channelling=uniform, solver=sat, solver_seed=0: tests/integration/savilerow/shorttable-smalltest/input.essence:10:1:\n  |\n10 | tableshort([x[1],x[2],x[3],x[4]], mycon)\n  | ^\nThe identifier 'tableshort' is not defined"" }",209,"Error: Custom { kind: Other, error: ""test_dir=tests/integration/savilerow/shorttable-smalltest, model=input.essence, parser=tree-sitter, rewriter=optimised, comprehension_expander=auto, heuristic=x, seed=0, channelling=uniform, solver=sat, solver_seed=0: tests/integration/savilerow/shorttable-smalltest/input.essence:10:1:\n  |\n10 | tableshort([x[1],x[2],x[3],x[4]], mycon)\n  | ^\nThe identifier 'tableshort' is not defined"" }",target/sat-coverage-survey/logs/0136-savilerow_shorttable-smalltest.log
savilerow/simpleElementId,pass,True,130,46.54,243.2,600,False,,ok,,,,134,all configured uniform portfolios agree with Conjure,target/sat-coverage-survey/logs/0521-savilerow_simpleElementId.log
savilerow/solitaire_battleship,residual_constraints,False,0,137.787,3908.9,600,False,,ok,,timeout,fixture exceeded 60 seconds; unsupported semantics not established,8247,"Un-encoded constraints in the model: [globalCardinality([SATInt(Direct, [agrid#components_1#int_direct_1,agrid#components_1#int_direct_2,agrid#components_1#int_direct_3,agrid#components_1#int_direct_4,agrid#components_1#int_direct_5,agrid#components_1#int_direct_6;int(1..)] [0, 5]),SATInt(Direct, [agrid#components_2#int_direct_1,agrid#components_2#int_direct_2,agrid#components_2#int_direct_3,agrid#components_2#int_direct_4,agrid#components_2#int_direct_5,agrid#components_2#int_direct_6;int(1..)] [0, 5]),SATInt(Direct, [agrid#components_3#int_direct_1,agrid#components_3#int_direct_2,agrid#components_3#int_direct_3,agrid#components_3#int_direct_4,agrid#components_3#int_direct_5,agrid#components_3#int_direct_6;int(1..)] [0, 5]),SATInt(Direct, [agrid#components_4#int_direct_1,agrid#components_4#int_direct_2,agrid#components_4#int_direct_3,agrid#components_4#int_direct_4,agrid#components_4#int_direct_5,agrid#components_4#int_direct_6;int(1..)] [0, 5]),SATInt(Direct, [agrid#components_5#int_direct_1,agrid#components_5#int_direct_2,agrid#components_5#int_direct_3,agrid#components_5#int_direct_4,agrid#components_5#int_direct_5,agrid#components_5#int_direct_6;int(1..)] [0, 5]),SATInt(Direct, [agrid#components_6#int_direct_1,agrid#components_6#int_direct_2,agrid#components_6#int_direct_3,agrid#components_6#int_direct_4,agrid#components_6#int_direct_5,agrid#components_6#int_direct_6;int(1..)] [0, 5]),SATInt(Direct, [agrid#components_7#int_direct_1,agrid#components_7#int_direct_2,agrid#components_7#int_direct_3,agrid#components_7#int_direct_4,agrid#components_7#int_direct_5,agrid#components_7#int_direct_6;int(1..)] [0, 5]),SATInt(Direct, [agrid#components_8#int_direct_1,agrid#components_8#int_direct_2,agrid#components_8#int_direct_3,agrid#components_8#int_direct_4,agrid#components_",target/sat-coverage-survey/logs/0232-savilerow_solitaire_battleship.log
savilerow/sonet2,pass,False,450,97.691,928.0,600,False,,ok,,,,2103,all configured uniform portfolios agree with Conjure,target/sat-coverage-survey/logs/0221-savilerow_sonet2.log
savilerow/sonet_problem,pass,False,450,10.643,52.9,600,False,,ok,,,,2254,all configured uniform portfolios agree with Conjure,target/sat-coverage-survey/logs/0222-savilerow_sonet_problem.log
savilerow/sportsScheduling,residual_constraints,False,0,1.966,3.7,600,False,,ok,,residual_constraints,"Un-encoded constraints in the model: [allDifferent(flatten([SATInt(Offset, [schedule#components_1#int_offset_1,schedule#components_1#int_offset_2,schedule#components_1#int_offset_3;int(1..)] [1, 8]),SATInt(Offset, [schedule#components_2#int_offset_1,schedule#components_2#int_offset_2,schedule#components_2#int_offset_3;int(1..)] [1, 8]),SATInt(Offset, [schedule#components_3#int_offset_1,schedule#components_3#int_offset_2,schedule#components_3#int_offset_3;int(1..)] [1, 8]),SATInt(Offset, [schedule#components_4#int_offset_1,schedule#components_4#int_offset_2,schedule#components_4#int_offset_3;int(1..)] [1, 8]),SATInt(Offset, [schedule#components_5#int_offset_1,schedule#components_5#int_offset_2,schedule#components_5#int_offset_3;int(1..)] [1, 8]),SATInt(Offset, [schedule#components_6#int_offset_1,schedule#components_6#int_offset_2,schedule#components_6#int_offset_3;int(1..)] [1, 8]),SATInt(Offset, [schedule#components_7#int_offset_1,schedule#components_7#int_offset_2,schedule#components_7#int_offset_3;int(1..)] [1, 8]),SATInt(Offset, [schedule#components_8#int_offset_1,schedule#components_8#int_offset_2,schedule#components_8#int_offset_3;int(1..)] [1, 8]);int(1..)])), allDifferent(flatten([SATInt(Offset, [schedule#components_9#int_offset_1,schedule#components_9#int_offset_2,schedule#components_9#int_offset_3;int(1..)] [1, 8]),SATInt(Offset, [schedule#components_10#int_offset_1,schedule#components_10#int_offset_2,schedule#components_10#int_offset_3;int(1..)] [1, 8]),SATInt(Offset, [schedule#components_11#int_offset_1,schedule#components_11#int_offset_2,schedule#components_11#int_offset_3;int(1..)] [1, 8]),SATInt(Offset, [schedule#components_12#int_offset_1,schedule#components_12#int_offset_2,schedule#components_12#int_offset_3;int(1..)] [1, 8]),SATInt(Offset, [schedule#com",1629,"Un-encoded constraints in the model: [allDifferent(flatten([SATInt(Direct, [schedule#components_1#int_direct_1,schedule#components_1#int_direct_2,schedule#components_1#int_direct_3,schedule#components_1#int_direct_4,schedule#components_1#int_direct_5,schedule#components_1#int_direct_6,schedule#components_1#int_direct_7,schedule#components_1#int_direct_8;int(1..)] [1, 8]),SATInt(Direct, [schedule#components_2#int_direct_1,schedule#components_2#int_direct_2,schedule#components_2#int_direct_3,schedule#components_2#int_direct_4,schedule#components_2#int_direct_5,schedule#components_2#int_direct_6,schedule#components_2#int_direct_7,schedule#components_2#int_direct_8;int(1..)] [1, 8]),SATInt(Direct, [schedule#components_3#int_direct_1,schedule#components_3#int_direct_2,schedule#components_3#int_direct_3,schedule#components_3#int_direct_4,schedule#components_3#int_direct_5,schedule#components_3#int_direct_6,schedule#components_3#int_direct_7,schedule#components_3#int_direct_8;int(1..)] [1, 8]),SATInt(Direct, [schedule#components_4#int_direct_1,schedule#components_4#int_direct_2,schedule#components_4#int_direct_3,schedule#components_4#int_direct_4,schedule#components_4#int_direct_5,schedule#components_4#int_direct_6,schedule#components_4#int_direct_7,schedule#components_4#int_direct_8;int(1..)] [1, 8]),SATInt(Direct, [schedule#components_5#int_direct_1,schedule#components_5#int_direct_2,schedule#components_5#int_direct_3,schedule#components_5#int_direct_4,schedule#components_5#int_direct_5,schedule#components_5#int_direct_6,schedule#components_5#int_direct_7,schedule#components_5#int_direct_8;int(1..)] [1, 8]),SATInt(Direct, [schedule#components_6#int_direct_1,schedule#components_6#int_direct_2,schedule#components_6#int_direct_3,schedule#components_6#int_direct_4,schedule#compo",target/sat-coverage-survey/logs/0212-savilerow_sportsScheduling.log
savilerow/sportsScheduling2,residual_constraints,False,0,1.964,4.0,600,False,,ok,,residual_constraints,"Un-encoded constraints in the model: [allDifferent(flatten([SATInt(Offset, [schedule#components_1#int_offset_1,schedule#components_1#int_offset_2,schedule#components_1#int_offset_3;int(1..)] [1, 8]),SATInt(Offset, [schedule#components_2#int_offset_1,schedule#components_2#int_offset_2,schedule#components_2#int_offset_3;int(1..)] [1, 8]),SATInt(Offset, [schedule#components_3#int_offset_1,schedule#components_3#int_offset_2,schedule#components_3#int_offset_3;int(1..)] [1, 8]),SATInt(Offset, [schedule#components_4#int_offset_1,schedule#components_4#int_offset_2,schedule#components_4#int_offset_3;int(1..)] [1, 8]),SATInt(Offset, [schedule#components_5#int_offset_1,schedule#components_5#int_offset_2,schedule#components_5#int_offset_3;int(1..)] [1, 8]),SATInt(Offset, [schedule#components_6#int_offset_1,schedule#components_6#int_offset_2,schedule#components_6#int_offset_3;int(1..)] [1, 8]),SATInt(Offset, [schedule#components_7#int_offset_1,schedule#components_7#int_offset_2,schedule#components_7#int_offset_3;int(1..)] [1, 8]),SATInt(Offset, [schedule#components_8#int_offset_1,schedule#components_8#int_offset_2,schedule#components_8#int_offset_3;int(1..)] [1, 8]);int(1..)])), allDifferent(flatten([SATInt(Offset, [schedule#components_9#int_offset_1,schedule#components_9#int_offset_2,schedule#components_9#int_offset_3;int(1..)] [1, 8]),SATInt(Offset, [schedule#components_10#int_offset_1,schedule#components_10#int_offset_2,schedule#components_10#int_offset_3;int(1..)] [1, 8]),SATInt(Offset, [schedule#components_11#int_offset_1,schedule#components_11#int_offset_2,schedule#components_11#int_offset_3;int(1..)] [1, 8]),SATInt(Offset, [schedule#components_12#int_offset_1,schedule#components_12#int_offset_2,schedule#components_12#int_offset_3;int(1..)] [1, 8]),SATInt(Offset, [schedule#com",1643,"Un-encoded constraints in the model: [allDifferent(flatten([SATInt(Direct, [schedule#components_1#int_direct_1,schedule#components_1#int_direct_2,schedule#components_1#int_direct_3,schedule#components_1#int_direct_4,schedule#components_1#int_direct_5,schedule#components_1#int_direct_6,schedule#components_1#int_direct_7,schedule#components_1#int_direct_8;int(1..)] [1, 8]),SATInt(Direct, [schedule#components_2#int_direct_1,schedule#components_2#int_direct_2,schedule#components_2#int_direct_3,schedule#components_2#int_direct_4,schedule#components_2#int_direct_5,schedule#components_2#int_direct_6,schedule#components_2#int_direct_7,schedule#components_2#int_direct_8;int(1..)] [1, 8]),SATInt(Direct, [schedule#components_3#int_direct_1,schedule#components_3#int_direct_2,schedule#components_3#int_direct_3,schedule#components_3#int_direct_4,schedule#components_3#int_direct_5,schedule#components_3#int_direct_6,schedule#components_3#int_direct_7,schedule#components_3#int_direct_8;int(1..)] [1, 8]),SATInt(Direct, [schedule#components_4#int_direct_1,schedule#components_4#int_direct_2,schedule#components_4#int_direct_3,schedule#components_4#int_direct_4,schedule#components_4#int_direct_5,schedule#components_4#int_direct_6,schedule#components_4#int_direct_7,schedule#components_4#int_direct_8;int(1..)] [1, 8]),SATInt(Direct, [schedule#components_5#int_direct_1,schedule#components_5#int_direct_2,schedule#components_5#int_direct_3,schedule#components_5#int_direct_4,schedule#components_5#int_direct_5,schedule#components_5#int_direct_6,schedule#components_5#int_direct_7,schedule#components_5#int_direct_8;int(1..)] [1, 8]),SATInt(Direct, [schedule#components_6#int_direct_1,schedule#components_6#int_direct_2,schedule#components_6#int_direct_3,schedule#components_6#int_direct_4,schedule#compo",target/sat-coverage-survey/logs/0214-savilerow_sportsScheduling2.log
savilerow/sportsScheduling3,residual_constraints,False,0,1.966,4.0,600,False,,ok,,residual_constraints,"Un-encoded constraints in the model: [allDifferent(flatten([SATInt(Offset, [schedule#components_1#int_offset_1,schedule#components_1#int_offset_2,schedule#components_1#int_offset_3;int(1..)] [1, 8]),SATInt(Offset, [schedule#components_2#int_offset_1,schedule#components_2#int_offset_2,schedule#components_2#int_offset_3;int(1..)] [1, 8]),SATInt(Offset, [schedule#components_3#int_offset_1,schedule#components_3#int_offset_2,schedule#components_3#int_offset_3;int(1..)] [1, 8]),SATInt(Offset, [schedule#components_4#int_offset_1,schedule#components_4#int_offset_2,schedule#components_4#int_offset_3;int(1..)] [1, 8]),SATInt(Offset, [schedule#components_5#int_offset_1,schedule#components_5#int_offset_2,schedule#components_5#int_offset_3;int(1..)] [1, 8]),SATInt(Offset, [schedule#components_6#int_offset_1,schedule#components_6#int_offset_2,schedule#components_6#int_offset_3;int(1..)] [1, 8]),SATInt(Offset, [schedule#components_7#int_offset_1,schedule#components_7#int_offset_2,schedule#components_7#int_offset_3;int(1..)] [1, 8]),SATInt(Offset, [schedule#components_8#int_offset_1,schedule#components_8#int_offset_2,schedule#components_8#int_offset_3;int(1..)] [1, 8]);int(1..)])), allDifferent(flatten([SATInt(Offset, [schedule#components_9#int_offset_1,schedule#components_9#int_offset_2,schedule#components_9#int_offset_3;int(1..)] [1, 8]),SATInt(Offset, [schedule#components_10#int_offset_1,schedule#components_10#int_offset_2,schedule#components_10#int_offset_3;int(1..)] [1, 8]),SATInt(Offset, [schedule#components_11#int_offset_1,schedule#components_11#int_offset_2,schedule#components_11#int_offset_3;int(1..)] [1, 8]),SATInt(Offset, [schedule#components_12#int_offset_1,schedule#components_12#int_offset_2,schedule#components_12#int_offset_3;int(1..)] [1, 8]),SATInt(Offset, [schedule#com",1642,"Un-encoded constraints in the model: [allDifferent(flatten([SATInt(Direct, [schedule#components_1#int_direct_1,schedule#components_1#int_direct_2,schedule#components_1#int_direct_3,schedule#components_1#int_direct_4,schedule#components_1#int_direct_5,schedule#components_1#int_direct_6,schedule#components_1#int_direct_7,schedule#components_1#int_direct_8;int(1..)] [1, 8]),SATInt(Direct, [schedule#components_2#int_direct_1,schedule#components_2#int_direct_2,schedule#components_2#int_direct_3,schedule#components_2#int_direct_4,schedule#components_2#int_direct_5,schedule#components_2#int_direct_6,schedule#components_2#int_direct_7,schedule#components_2#int_direct_8;int(1..)] [1, 8]),SATInt(Direct, [schedule#components_3#int_direct_1,schedule#components_3#int_direct_2,schedule#components_3#int_direct_3,schedule#components_3#int_direct_4,schedule#components_3#int_direct_5,schedule#components_3#int_direct_6,schedule#components_3#int_direct_7,schedule#components_3#int_direct_8;int(1..)] [1, 8]),SATInt(Direct, [schedule#components_4#int_direct_1,schedule#components_4#int_direct_2,schedule#components_4#int_direct_3,schedule#components_4#int_direct_4,schedule#components_4#int_direct_5,schedule#components_4#int_direct_6,schedule#components_4#int_direct_7,schedule#components_4#int_direct_8;int(1..)] [1, 8]),SATInt(Direct, [schedule#components_5#int_direct_1,schedule#components_5#int_direct_2,schedule#components_5#int_direct_3,schedule#components_5#int_direct_4,schedule#components_5#int_direct_5,schedule#components_5#int_direct_6,schedule#components_5#int_direct_7,schedule#components_5#int_direct_8;int(1..)] [1, 8]),SATInt(Direct, [schedule#components_6#int_direct_1,schedule#components_6#int_direct_2,schedule#components_6#int_direct_3,schedule#components_6#int_direct_4,schedule#compo",target/sat-coverage-survey/logs/0213-savilerow_sportsScheduling3.log
savilerow/sudoku-comprehension,pass,False,110,72.406,2614.4,600,False,,ok,,,,825,all configured uniform portfolios agree with Conjure,target/sat-coverage-survey/logs/0185-savilerow_sudoku-comprehension.log
savilerow/sudoku3,pass,False,110,98.514,3893.6,600,False,,ok,,,,840,all configured uniform portfolios agree with Conjure,target/sat-coverage-survey/logs/0186-savilerow_sudoku3.log
savilerow/test-branchingon2,residual_constraints,False,0,212.649,1567.6,600,False,,ok,,timeout,fixture exceeded 60 seconds; unsupported semantics not established,10640,"Un-encoded constraints in the model: [atLeast(flatten([SATInt(Direct, [grid#components_351#int_direct_1,grid#components_351#int_direct_2,grid#components_351#int_direct_3,grid#components_351#int_direct_4,grid#components_351#int_direct_5;int(1..)] [0, 4]),SATInt(Direct, [grid#components_352#int_direct_1,grid#components_352#int_direct_2,grid#components_352#int_direct_3,grid#components_352#int_direct_4,grid#components_352#int_direct_5;int(1..)] [0, 4]),SATInt(Direct, [grid#components_353#int_direct_1,grid#components_353#int_direct_2,grid#components_353#int_direct_3,grid#components_353#int_direct_4,grid#components_353#int_direct_5;int(1..)] [0, 4]),SATInt(Direct, [grid#components_354#int_direct_1,grid#components_354#int_direct_2,grid#components_354#int_direct_3,grid#components_354#int_direct_4,grid#components_354#int_direct_5;int(1..)] [0, 4]),SATInt(Direct, [grid#components_355#int_direct_1,grid#components_355#int_direct_2,grid#components_355#int_direct_3,grid#components_355#int_direct_4,grid#components_355#int_direct_5;int(1..)] [0, 4]),SATInt(Direct, [grid#components_356#int_direct_1,grid#components_356#int_direct_2,grid#components_356#int_direct_3,grid#components_356#int_direct_4,grid#components_356#int_direct_5;int(1..)] [0, 4]),SATInt(Direct, [grid#components_357#int_direct_1,grid#components_357#int_direct_2,grid#components_357#int_direct_3,grid#components_357#int_direct_4,grid#components_357#int_direct_5;int(1..)] [0, 4]),SATInt(Direct, [grid#components_358#int_direct_1,grid#components_358#int_direct_2,grid#components_358#int_direct_3,grid#components_358#int_direct_4,grid#components_358#int_direct_5;int(1..)] [0, 4]),SATInt(Direct, [grid#components_359#int_direct_1,grid#components_359#int_direct_2,grid#components_359#int_direct_3,grid#components_359#int_direct_4,grid#",target/sat-coverage-survey/logs/0235-savilerow_test-branchingon2.log
savilerow/test-holey-matrix,pass,False,130,5.765,42.0,600,False,,ok,,,,201,all configured uniform portfolios agree with Conjure,target/sat-coverage-survey/logs/0132-savilerow_test-holey-matrix.log
savilerow/test-indexing-flatten,pass,False,65,26.464,567.4,600,False,,ok,,,,336,all configured uniform portfolios agree with Conjure,target/sat-coverage-survey/logs/0156-savilerow_test-indexing-flatten.log
savilerow/test-min-max-undef,pass,True,25,1.144,3.8,600,False,Conjure does not support :: for type aannotations,not completed,,,,285,solution check without Conjure reference: Conjure does not support :: for type aannotations,target/sat-coverage-survey/logs/0613-savilerow_test-min-max-undef.log
savilerow/test-power,residual_constraints,False,0,1.145,4.0,600,False,,ok,,residual_constraints,"Un-encoded constraints in the model: [-(SafePow(SATInt(Log, [false,x#int_direct_1,false;int(1..)] [2, 2]), SATInt(Log, [true,false;int(1..)] [1, 1]))) = -2, -(SafePow(SATInt(Log, [false,x#int_direct_1,false;int(1..)] [2, 2]), SATInt(Log, [false,true,false;int(1..)] [2, 2]))) = -4, -(SafePow(SATInt(Log, [false,x#int_direct_1,false;int(1..)] [2, 2]), SATInt(Log, [true,true,false;int(1..)] [3, 3]))) = -8, -(SafePow(SATInt(Log, [false,x#int_direct_1,false;int(1..)] [2, 2]), SATInt(Log, [false,false,true,false;int(1..)] [4, 4]))) = -16, SafePow(SATInt(Log, [false,x#int_direct_1,false;int(1..)] [2, 2]), SATInt(Log, [false,true,false;int(1..)] [2, 2])) = 4]",427,"Un-encoded constraints in the model: [-(SafePow(SATInt(Log, [false,x#int_direct_1,false;int(1..)] [2, 2]), SATInt(Log, [true,false;int(1..)] [1, 1]))) = -2, -(SafePow(SATInt(Log, [false,x#int_direct_1,false;int(1..)] [2, 2]), SATInt(Log, [false,true,false;int(1..)] [2, 2]))) = -4, -(SafePow(SATInt(Log, [false,x#int_direct_1,false;int(1..)] [2, 2]), SATInt(Log, [true,true,false;int(1..)] [3, 3]))) = -8, -(SafePow(SATInt(Log, [false,x#int_direct_1,false;int(1..)] [2, 2]), SATInt(Log, [false,false,true,false;int(1..)] [4, 4]))) = -16, SafePow(SATInt(Log, [false,x#int_direct_1,false;int(1..)] [2, 2]), SATInt(Log, [false,true,false;int(1..)] [2, 2])) = 4]",target/sat-coverage-survey/logs/0162-savilerow_test-power.log
savilerow/testMatrixBounds1,pass,True,25,0.932,2.1,600,False,,ok,,,,188,all configured uniform portfolios agree with Conjure,target/sat-coverage-survey/logs/0569-savilerow_testMatrixBounds1.log
savilerow/testMatrixBounds2,pass,True,25,1.14,4.0,600,False,,ok,,,,191,all configured uniform portfolios agree with Conjure,target/sat-coverage-survey/logs/0572-savilerow_testMatrixBounds2.log
savilerow/test_comprehension_functions,pass,False,130,42.513,1126.6,600,False,,ok,,,,1571,all configured uniform portfolios agree with Conjure,target/sat-coverage-survey/logs/0210-savilerow_test_comprehension_functions.log
savilerow/test_element_simplify,pass,True,130,2.373,4.0,600,False,,ok,,,,114,all configured uniform portfolios agree with Conjure,target/sat-coverage-survey/logs/0488-savilerow_test_element_simplify.log
savilerow/test_negative_table,pass,True,195,2.797,34.5,600,False,,ok,,,,161,all configured uniform portfolios agree with Conjure,target/sat-coverage-survey/logs/0551-savilerow_test_negative_table.log
savilerow/test_negative_table2,pass,True,195,2.999,33.3,600,False,,ok,,,,182,all configured uniform portfolios agree with Conjure,target/sat-coverage-survey/logs/0565-savilerow_test_negative_table2.log
savilerow/test_power_raw,residual_constraints,False,0,1.148,3.9,600,False,,ok,,residual_constraints,"Un-encoded constraints in the model: [-(SafePow(SATInt(Log, [false,x#int_direct_1,false;int(1..)] [2, 2]), SATInt(Log, [true,false;int(1..)] [1, 1]))) = -2, -(SafePow(SATInt(Log, [false,x#int_direct_1,false;int(1..)] [2, 2]), SATInt(Log, [false,true,false;int(1..)] [2, 2]))) = -4, -(SafePow(SATInt(Log, [false,x#int_direct_1,false;int(1..)] [2, 2]), SATInt(Log, [true,true,false;int(1..)] [3, 3]))) = -8, -(SafePow(SATInt(Log, [false,x#int_direct_1,false;int(1..)] [2, 2]), SATInt(Log, [false,false,true,false;int(1..)] [4, 4]))) = -16, SafePow(SATInt(Log, [false,x#int_direct_1,false;int(1..)] [2, 2]), SATInt(Log, [false,true,false;int(1..)] [2, 2])) = 4]",402,"Un-encoded constraints in the model: [-(SafePow(SATInt(Log, [false,x#int_direct_1,false;int(1..)] [2, 2]), SATInt(Log, [true,false;int(1..)] [1, 1]))) = -2, -(SafePow(SATInt(Log, [false,x#int_direct_1,false;int(1..)] [2, 2]), SATInt(Log, [false,true,false;int(1..)] [2, 2]))) = -4, -(SafePow(SATInt(Log, [false,x#int_direct_1,false;int(1..)] [2, 2]), SATInt(Log, [true,true,false;int(1..)] [3, 3]))) = -8, -(SafePow(SATInt(Log, [false,x#int_direct_1,false;int(1..)] [2, 2]), SATInt(Log, [false,false,true,false;int(1..)] [4, 4]))) = -16, SafePow(SATInt(Log, [false,x#int_direct_1,false;int(1..)] [2, 2]), SATInt(Log, [false,true,false;int(1..)] [2, 2])) = 4]",target/sat-coverage-survey/logs/0161-savilerow_test_power_raw.log
savilerow/tictactoe,pass,False,65,40.627,1122.0,600,False,,ok,,,,3444,all configured uniform portfolios agree with Conjure,target/sat-coverage-survey/logs/0228-savilerow_tictactoe.log
savilerow/tomsProblem,pass,True,65,3.613,200.0,600,False,,ok,,,,896,all configured uniform portfolios agree with Conjure,target/sat-coverage-survey/logs/0659-savilerow_tomsProblem.log
savilerow/valsymElementId,pass,True,130,95.795,1513.9,600,False,,ok,,,,166,all configured uniform portfolios agree with Conjure,target/sat-coverage-survey/logs/0555-savilerow_valsymElementId.log
savilerow/varsymElementId,pass,True,65,12.713,712.5,600,False,,ok,,,,165,all configured uniform portfolios agree with Conjure,target/sat-coverage-survey/logs/0554-savilerow_varsymElementId.log
savilerow/waterBucket,pass,True,65,18.472,474.5,600,False,,ok,,,,3403,all configured uniform portfolios agree with Conjure,target/sat-coverage-survey/logs/0662-savilerow_waterBucket.log
sets/MinMax,pass,False,132,7.258,166.9,600,False,,ok,,,,71,all configured uniform portfolios agree with Conjure,target/sat-coverage-survey/logs/0011-sets_MinMax.log
sets/concat,pass,True,1,0.941,4.0,600,False,,ok,,,,91,all configured uniform portfolios agree with Conjure,target/sat-coverage-survey/logs/0430-sets_concat.log
sets/constant-eval-set-tests/In,pass,True,25,0.956,4.0,600,False,,ok,,,,56,all configured uniform portfolios agree with Conjure,target/sat-coverage-survey/logs/0304-sets_constant-eval-set-tests_In.log
sets/constant-eval-set-tests/Intersect,pass,False,65,5.769,124.9,600,False,,ok,,,,59,all configured uniform portfolios agree with Conjure,target/sat-coverage-survey/logs/0001-sets_constant-eval-set-tests_Intersect.log
sets/constant-eval-set-tests/SubSet,pass,True,1,0.935,4.0,600,False,,ok,,,,132,all configured uniform portfolios agree with Conjure,target/sat-coverage-survey/logs/0518-sets_constant-eval-set-tests_SubSet.log
sets/constant-eval-set-tests/SubSetEq,pass,True,1,0.937,3.3,600,False,,ok,,,,138,all configured uniform portfolios agree with Conjure,target/sat-coverage-survey/logs/0524-sets_constant-eval-set-tests_SubSetEq.log
sets/constant-eval-set-tests/SupSet,pass,True,1,0.937,3.9,600,False,,ok,,,,132,all configured uniform portfolios agree with Conjure,target/sat-coverage-survey/logs/0519-sets_constant-eval-set-tests_SupSet.log
sets/constant-eval-set-tests/SupSetEq,pass,True,1,0.938,4.0,600,False,,ok,,,,138,all configured uniform portfolios agree with Conjure,target/sat-coverage-survey/logs/0525-sets_constant-eval-set-tests_SupSetEq.log
sets/constant-eval-set-tests/Union,pass,True,65,1.358,4.0,600,False,,ok,,,,55,all configured uniform portfolios agree with Conjure,target/sat-coverage-survey/logs/0297-sets_constant-eval-set-tests_Union.log
sets/difference,pass,False,132,1.984,4.0,600,False,,ok,,,,63,all configured uniform portfolios agree with Conjure,target/sat-coverage-survey/logs/0006-sets_difference.log
sets/equals1,pass,True,1,0.94,3.8,600,False,,ok,,,,60,all configured uniform portfolios agree with Conjure,target/sat-coverage-survey/logs/0322-sets_equals1.log
sets/equals2,pass,False,132,2.207,4.0,600,False,,ok,,,,72,all configured uniform portfolios agree with Conjure,target/sat-coverage-survey/logs/0013-sets_equals2.log
sets/explicit-large-inner-domain,memory_limit,False,0,5.312,6284.0,600,False,Conjure cannot parse Conjure Oxide's set (representation explicit) representation annotation,not completed,,pass,solution check without Conjure reference: Conjure cannot parse Conjure Oxide's set (representation explicit) representation annotation,495,fixture exceeded 4 GiB RSS; unsupported semantics not established,target/sat-coverage-survey/logs/0164-sets_explicit-large-inner-domain.log
sets/in,pass,True,65,1.352,4.0,600,False,,ok,,,,41,all configured uniform portfolios agree with Conjure,target/sat-coverage-survey/logs/0261-sets_in.log
sets/intersect1,pass,True,1,1.15,4.0,600,False,,ok,,,,84,all configured uniform portfolios agree with Conjure,target/sat-coverage-survey/logs/0410-sets_intersect1.log
sets/intersect2,pass,False,132,2.362,4.2,600,False,,ok,,,,102,all configured uniform portfolios agree with Conjure,target/sat-coverage-survey/logs/0080-sets_intersect2.log
sets/neq-marker,pass,False,132,3.467,42.1,600,False,,ok,,,,81,all configured uniform portfolios agree with Conjure,target/sat-coverage-survey/logs/0037-sets_neq-marker.log
sets/occurrence-large-inner-domain,pass,False,260,19.371,527.5,600,False,"Conjure does not offer an occurrence representation for this domain, so there is no model to validate against",not completed,,,,590,"solution check without Conjure reference: Conjure does not offer an occurrence representation for this domain, so there is no model to validate against",target/sat-coverage-survey/logs/0174-sets_occurrence-large-inner-domain.log
sets/occurrence-out-of-domain-equality,pass,True,2,0.731,4.0,600,False,Conjure does not support representation annotations in Essence input,not completed,,,,95,solution check without Conjure reference: Conjure does not support representation annotations in Essence input,target/sat-coverage-survey/logs/0435-sets_occurrence-out-of-domain-equality.log
sets/occurrence-set-of-set-membership,pass,False,65,6.505,217.5,600,False,Conjure does not support occurrence representation for a set of sets,not completed,,,,153,solution check without Conjure reference: Conjure does not support occurrence representation for a set of sets,target/sat-coverage-survey/logs/0119-sets_occurrence-set-of-set-membership.log
sets/parsing,pass,True,1,0.941,2.1,600,False,,ok,,,,116,all configured uniform portfolios agree with Conjure,target/sat-coverage-survey/logs/0494-sets_parsing.log
sets/strict-subset-marker,pass,False,132,5.47,71.8,600,False,,ok,,,,85,all configured uniform portfolios agree with Conjure,target/sat-coverage-survey/logs/0054-sets_strict-subset-marker.log
sets/subset,pass,True,1,1.169,4.0,600,False,,ok,,,,62,all configured uniform portfolios agree with Conjure,target/sat-coverage-survey/logs/0327-sets_subset.log
sets/subsetEq1,pass,True,1,1.156,3.8,600,False,,ok,,,,65,all configured uniform portfolios agree with Conjure,target/sat-coverage-survey/logs/0341-sets_subsetEq1.log
sets/subsetEq2,pass,False,132,3.011,45.5,600,False,,ok,,,,118,all configured uniform portfolios agree with Conjure,target/sat-coverage-survey/logs/0091-sets_subsetEq2.log
sets/subseteq-marker-marker,pass,False,132,5.273,62.2,600,False,,ok,,,,87,all configured uniform portfolios agree with Conjure,target/sat-coverage-survey/logs/0056-sets_subseteq-marker-marker.log
sets/supset,pass,True,1,1.157,2.1,600,False,,ok,,,,62,all configured uniform portfolios agree with Conjure,target/sat-coverage-survey/logs/0328-sets_supset.log
sets/supsetEq,pass,True,1,0.935,4.0,600,False,,ok,,,,64,all configured uniform portfolios agree with Conjure,target/sat-coverage-survey/logs/0335-sets_supsetEq.log
sets/union-comprehension,pass,False,140,44.494,481.5,600,False,,ok,,,,100,all configured uniform portfolios agree with Conjure,target/sat-coverage-survey/logs/0078-sets_union-comprehension.log
sets/union1,pass,True,1,1.143,4.0,600,False,,ok,,,,84,all configured uniform portfolios agree with Conjure,target/sat-coverage-survey/logs/0411-sets_union1.log
sets/union2,pass,False,65,5.769,124.8,600,False,,ok,,,,57,all configured uniform portfolios agree with Conjure,target/sat-coverage-survey/logs/0000-sets_union2.log
smt/bool/and-eq,pass,True,1,0.956,4.0,600,False,,ok,,,,50,all configured uniform portfolios agree with Conjure,target/sat-coverage-survey/logs/0288-smt_bool_and-eq.log
smt/bool/empty,pass,True,1,1.151,4.1,600,False,,ok,,,,14,all configured uniform portfolios agree with Conjure,target/sat-coverage-survey/logs/0239-smt_bool_empty.log
smt/bool/implies,pass,True,1,1.143,4.0,600,False,,ok,,,,55,all configured uniform portfolios agree with Conjure,target/sat-coverage-survey/logs/0298-smt_bool_implies.log
smt/bool/neq,pass,True,1,0.944,4.0,600,False,,ok,,,,34,all configured uniform portfolios agree with Conjure,target/sat-coverage-survey/logs/0250-smt_bool_neq.log
smt/bool/not-and,pass,True,1,1.154,3.9,600,False,,ok,,,,40,all configured uniform portfolios agree with Conjure,target/sat-coverage-survey/logs/0257-smt_bool_not-and.log
smt/bool/simple-and,pass,True,1,19.987,78.1,600,False,,ok,,,,34,all configured uniform portfolios agree with Conjure,target/sat-coverage-survey/logs/0251-smt_bool_simple-and.log
smt/bool/simple-or,pass,True,1,1.151,4.0,600,False,,ok,,,,34,all configured uniform portfolios agree with Conjure,target/sat-coverage-survey/logs/0252-smt_bool_simple-or.log
smt/int/floor-div,pass,True,65,1.159,3.0,600,False,,ok,,,,58,all configured uniform portfolios agree with Conjure,target/sat-coverage-survey/logs/0311-smt_int_floor-div.log
smt/int/int-domain,pass,True,25,1.147,4.1,600,False,,ok,,,,28,all configured uniform portfolios agree with Conjure,target/sat-coverage-survey/logs/0245-smt_int_int-domain.log
smt/int/min-and-max,pass,True,65,1.347,4.0,600,False,,ok,,,,93,all configured uniform portfolios agree with Conjure,target/sat-coverage-survey/logs/0432-smt_int_min-and-max.log
smt/int/simple-div,pass,True,65,1.35,4.0,600,False,,ok,,,,41,all configured uniform portfolios agree with Conjure,target/sat-coverage-survey/logs/0262-smt_int_simple-div.log
smt/int/simple-negative-add,pass,True,65,1.345,3.7,600,False,,ok,,,,45,all configured uniform portfolios agree with Conjure,target/sat-coverage-survey/logs/0274-smt_int_simple-negative-add.log
smt/int/simple-sub,pass,True,65,1.582,4.0,600,False,,ok,,,,55,all configured uniform portfolios agree with Conjure,target/sat-coverage-survey/logs/0299-smt_int_simple-sub.log
smt/int/simple-sum,pass,True,65,1.36,4.0,600,False,,ok,,,,55,all configured uniform portfolios agree with Conjure,target/sat-coverage-survey/logs/0300-smt_int_simple-sum.log
smt/int/simple_negative_mult,pass,True,65,1.555,4.0,600,False,,ok,,,,45,all configured uniform portfolios agree with Conjure,target/sat-coverage-survey/logs/0275-smt_int_simple_negative_mult.log
smt/int/to-int,pass,True,5,0.956,4.0,600,False,,ok,,,,52,all configured uniform portfolios agree with Conjure,target/sat-coverage-survey/logs/0291-smt_int_to-int.log
smt/matrix/1d-alldiff,pass,True,110,1.548,3.1,600,False,,ok,,,,191,all configured uniform portfolios agree with Conjure,target/sat-coverage-survey/logs/0573-smt_matrix_1d-alldiff.log
smt/matrix/2d-eq,pass,True,65,1.344,3.7,600,False,,ok,,,,185,all configured uniform portfolios agree with Conjure,target/sat-coverage-survey/logs/0567-smt_matrix_2d-eq.log
smt/matrix/2d-indexing,pass,True,65,1.551,3.7,600,False,,ok,,,,146,all configured uniform portfolios agree with Conjure,target/sat-coverage-survey/logs/0535-smt_matrix_2d-indexing.log
smt/matrix/2d-slicing-alldiff,pass,True,110,1.751,4.0,600,False,,ok,,,,235,all configured uniform portfolios agree with Conjure,target/sat-coverage-survey/logs/0591-smt_matrix_2d-slicing-alldiff.log
smt/matrix/bibd,pass,False,65,3.413,29.3,600,False,,ok,,,,879,all configured uniform portfolios agree with Conjure,target/sat-coverage-survey/logs/0187-smt_matrix_bibd.log
smt/matrix/bool-indexing-of-bool,pass,True,1,0.94,4.0,600,False,,ok,,,,68,all configured uniform portfolios agree with Conjure,target/sat-coverage-survey/logs/0356-smt_matrix_bool-indexing-of-bool.log
smt/matrix/bool-indexing-of-int,pass,True,25,1.142,4.0,600,False,,ok,,,,73,all configured uniform portfolios agree with Conjure,target/sat-coverage-survey/logs/0369-smt_matrix_bool-indexing-of-int.log
smt/matrix/bool-indexing-simple,pass,True,1,0.94,4.0,600,False,,ok,,,,99,all configured uniform portfolios agree with Conjure,target/sat-coverage-survey/logs/0447-smt_matrix_bool-indexing-simple.log
smt/matrix/flatten-no-depth,pass,False,110,2.16,4.0,600,False,,ok,,,,235,all configured uniform portfolios agree with Conjure,target/sat-coverage-survey/logs/0149-smt_matrix_flatten-no-depth.log
smt/matrix/holey-domain,pass,True,1,0.942,3.7,600,False,,ok,,,,110,all configured uniform portfolios agree with Conjure,target/sat-coverage-survey/logs/0483-smt_matrix_holey-domain.log
smt/matrix/indexing-addition,pass,True,65,1.543,4.0,600,False,,ok,,,,108,all configured uniform portfolios agree with Conjure,target/sat-coverage-survey/logs/0475-smt_matrix_indexing-addition.log
smt/matrix/int-indexing-of-bool,pass,True,1,1.147,4.0,600,False,,ok,,,,73,all configured uniform portfolios agree with Conjure,target/sat-coverage-survey/logs/0370-smt_matrix_int-indexing-of-bool.log
smt/matrix/int-indexing-of-int,pass,True,25,1.148,3.9,600,False,,ok,,,,78,all configured uniform portfolios agree with Conjure,target/sat-coverage-survey/logs/0394-smt_matrix_int-indexing-of-int.log
smt/matrix/lex-eq,pass,False,65,1.556,4.0,600,False,,ok,,,,168,all configured uniform portfolios agree with Conjure,target/sat-coverage-survey/logs/0123-smt_matrix_lex-eq.log
smt/matrix/lex-geq,pass,False,65,1.348,3.4,600,False,,ok,,,,109,all configured uniform portfolios agree with Conjure,target/sat-coverage-survey/logs/0086-smt_matrix_lex-geq.log
smt/matrix/lex-gt,pass,False,65,1.549,4.0,600,False,,ok,,,,155,all configured uniform portfolios agree with Conjure,target/sat-coverage-survey/logs/0121-smt_matrix_lex-gt.log
smt/matrix/lex-leq,pass,False,65,1.346,4.1,600,False,,ok,,,,109,all configured uniform portfolios agree with Conjure,target/sat-coverage-survey/logs/0087-smt_matrix_lex-leq.log
smt/matrix/lex-lt,pass,False,65,4.432,124.5,600,False,,ok,,,,98,all configured uniform portfolios agree with Conjure,target/sat-coverage-survey/logs/0076-smt_matrix_lex-lt.log
smt/matrix/magic-square-flatten,pass,False,110,229.939,194.3,600,False,,ok,,,,548,all configured uniform portfolios agree with Conjure,target/sat-coverage-survey/logs/0169-smt_matrix_magic-square-flatten.log
smt/matrix/nqueens-4,pass,False,110,10.743,76.1,600,False,,ok,,,,667,all configured uniform portfolios agree with Conjure,target/sat-coverage-survey/logs/0178-smt_matrix_nqueens-4.log
smt/matrix/overlapping-eq,sat_loading_or_encoding,False,0,0.939,3.9,600,False,,ok,,sat_loading_or_encoding,"Error: Custom { kind: Other, error: ""test_dir=tests/integration/smt/matrix/overlapping-eq, model=input.essence, parser=tree-sitter, rewriter=optimised, comprehension_expander=auto, heuristic=c, seed=0, channelling=uniform, solver=sat, solver_seed=0: model invalid: Non-Boolean SAT reference: a"" }",120,"Error: Custom { kind: Other, error: ""test_dir=tests/integration/smt/matrix/overlapping-eq, model=input.essence, parser=tree-sitter, rewriter=optimised, comprehension_expander=auto, heuristic=x, seed=0, channelling=uniform, solver=sat, solver_seed=0: model invalid: Non-Boolean SAT reference: a"" }",target/sat-coverage-survey/logs/0097-smt_matrix_overlapping-eq.log
smt/matrix/overlapping-neq,sat_loading_or_encoding,False,0,1.148,4.0,600,False,,ok,,sat_loading_or_encoding,"Error: Custom { kind: Other, error: ""test_dir=tests/integration/smt/matrix/overlapping-neq, model=input.essence, parser=tree-sitter, rewriter=optimised, comprehension_expander=auto, heuristic=c, seed=0, channelling=uniform, solver=sat, solver_seed=0: model invalid: Non-Boolean SAT reference: a"" }",152,"Error: Custom { kind: Other, error: ""test_dir=tests/integration/smt/matrix/overlapping-neq, model=input.essence, parser=tree-sitter, rewriter=optimised, comprehension_expander=auto, heuristic=x, seed=0, channelling=uniform, solver=sat, solver_seed=0: model invalid: Non-Boolean SAT reference: a"" }",target/sat-coverage-survey/logs/0118-smt_matrix_overlapping-neq.log
smt/matrix/overlapping-neq-wrapped,sat_loading_or_encoding,False,0,1.143,4.0,600,False,,ok,,sat_loading_or_encoding,"Error: Custom { kind: Other, error: ""test_dir=tests/integration/smt/matrix/overlapping-neq-wrapped, model=input.essence, parser=tree-sitter, rewriter=optimised, comprehension_expander=auto, heuristic=c, seed=0, channelling=uniform, solver=sat, solver_seed=0: model invalid: Non-Boolean SAT reference: a"" }",154,"Error: Custom { kind: Other, error: ""test_dir=tests/integration/smt/matrix/overlapping-neq-wrapped, model=input.essence, parser=tree-sitter, rewriter=optimised, comprehension_expander=auto, heuristic=x, seed=0, channelling=uniform, solver=sat, solver_seed=0: model invalid: Non-Boolean SAT reference: a"" }",target/sat-coverage-survey/logs/0120-smt_matrix_overlapping-neq-wrapped.log
smt/matrix/scalar-neq,pass,True,1,0.939,2.1,600,False,,ok,,,,308,all configured uniform portfolios agree with Conjure,target/sat-coverage-survey/logs/0622-smt_matrix_scalar-neq.log
smt/matrix/undefined-index,pass,True,25,0.938,3.7,600,False,,ok,,,,124,all configured uniform portfolios agree with Conjure,target/sat-coverage-survey/logs/0509-smt_matrix_undefined-index.log
smt/matrix/undefined-index-var,pass,True,130,1.549,4.0,600,False,,ok,,,,138,all configured uniform portfolios agree with Conjure,target/sat-coverage-survey/logs/0526-smt_matrix_undefined-index-var.log
smt/set/eq,pass,False,132,3.264,41.5,600,False,,ok,,,,81,all configured uniform portfolios agree with Conjure,target/sat-coverage-survey/logs/0038-smt_set_eq.log
smt/set/eq_overlap,pass,False,132,5.676,66.7,600,False,,ok,,,,116,all configured uniform portfolios agree with Conjure,target/sat-coverage-survey/logs/0089-smt_set_eq_overlap.log
smt/set/subset-sum,pass,False,140,14.379,258.4,600,False,,ok,,,,121,all configured uniform portfolios agree with Conjure,target/sat-coverage-survey/logs/0099-smt_set_subset-sum.log
